<?xml version="1.0" encoding="UTF-8"?>
<beans xmlns="http://www.springframework.org/schema/beans"
	xmlns:mvc="http://www.springframework.org/schema/mvc" xmlns:context="http://www.springframework.org/schema/context"
	xmlns:tx="http://www.springframework.org/schema/tx" xmlns:aop="http://www.springframework.org/schema/aop"
	xmlns:p="http://www.springframework.org/schema/p" xmlns:xsi="http://www.w3.org/2001/XMLSchema-instance"
	xsi:schemaLocation="
        http://www.springframework.org/schema/beans
        http://www.springframework.org/schema/beans/spring-beans.xsd
        http://www.springframework.org/schema/mvc
        http://www.springframework.org/schema/mvc/spring-mvc.xsd
        http://www.springframework.org/schema/context
        http://www.springframework.org/schema/context/spring-context.xsd
        http://www.springframework.org/schema/tx
		http://www.springframework.org/schema/tx/spring-tx.xsd
		http://www.springframework.org/schema/aop
		http://www.springframework.org/schema/aop/spring-aop.xsd">

	<bean id="jedisPoolConfig" class="redis.clients.jedis.JedisPoolConfig">
		<property name="maxTotal" value="${redis.maxTotal}" />
		<property name="maxIdle" value="${redis.maxIdle}" />
		<property name="maxWaitMillis" value="${redis.maxWait}" />
		<property name="testOnBorrow" value="${redis.testOnBorrow}" />
	</bean>

	<bean id="jedisConnectionFactory" class="org.springframework.data.redis.connection.jedis.JedisConnectionFactory">
		<property name="hostName" value="${redis.hostName}" />
		<property name="port" value="${redis.port}" />
		<property name="password" value="${redis.password}" />
		<property name="database" value="${redis.database}" />
		<property name="timeout" value="${redis.timeout}" />
		<property name="poolConfig" ref="jedisPoolConfig" />
		<property name="usePool" value="true" />
	</bean>

	<bean id="redisTemplate" class="org.springframework.data.redis.core.StringRedisTemplate">
		<property name="connectionFactory" ref="jedisConnectionFactory" />
	</bean>

	<!-- 将session放入redis -->
	<bean id="redisHttpSessionConfiguration"
		class="org.springframework.session.data.redis.config.annotation.web.http.RedisHttpSessionConfiguration">
		<property name="maxInactiveIntervalInSeconds" value="1800" />
	</bean>

</beans>