<?xml version="1.0" encoding="UTF-8"?>
<beans xmlns="http://www.springframework.org/schema/beans"
	xmlns:context="http://www.springframework.org/schema/context"
	xmlns:mvc="http://www.springframework.org/schema/mvc" xmlns:p="http://www.springframework.org/schema/p"
	xmlns:xsi="http://www.w3.org/2001/XMLSchema-instance"
	xsi:schemaLocation="
        http://www.springframework.org/schema/beans
        http://www.springframework.org/schema/beans/spring-beans.xsd
        http://www.springframework.org/schema/mvc
        http://www.springframework.org/schema/mvc/spring-mvc.xsd 
        http://www.springframework.org/schema/context
        http://www.springframework.org/schema/context/spring-context.xsd">

	<!-- freemarker的配置 -->
	<bean id="freeMarkerConfigurer" class="com.roncoo.adminlte.util.ShiroTagFreeMarkerConfigurer">
		<property name="preferFileSystemAccess" value="false" />
		<property name="templateLoaderPath" value="/WEB-INF/view/" />
		<property name="defaultEncoding" value="UTF-8" />
		<property name="freemarkerSettings">
			<props>
				<prop key="template_update_delay">10</prop>
				<prop key="locale">zh_CN</prop>
				<prop key="datetime_format">yyyy-MM-dd HH:mm:ss</prop>
				<prop key="date_format">yyyy-MM-dd</prop>
				<prop key="number_format">#.##</prop>
			</props>
		</property>
		<property name="freemarkerVariables">
			<map>
				<entry key="ctx" value="/roncoo-adminlte-springmvc"></entry>
			</map>
		</property>
	</bean>

	<!-- FreeMarker视图解析器 -->
	<bean id="viewResolver"
		class="org.springframework.web.servlet.view.freemarker.FreeMarkerViewResolver">
		<property name="viewClass"
			value="org.springframework.web.servlet.view.freemarker.FreeMarkerView" />
		<property name="suffix" value=".ftl" />
		<property name="contentType" value="text/html;charset=UTF-8" />
		<property name="exposeRequestAttributes" value="true" />
		<property name="exposeSessionAttributes" value="true" />
		<property name="exposeSpringMacroHelpers" value="true" />
	</bean>

	<!-- JSP视图解析器，将ModelAndView及字符串解析为具体的页面 -->
	<!-- <bean class="org.springframework.web.servlet.view.InternalResourceViewResolver" 
		p:viewClass="org.springframework.web.servlet.view.JstlView" p:prefix="/WEB-INF/view/" 
		p:suffix=".jsp" /> -->
</beans>
