<?xml version="1.0" encoding="UTF-8"?>
<beans xmlns="http://www.springframework.org/schema/beans"
	xmlns:mvc="http://www.springframework.org/schema/mvc" xmlns:context="http://www.springframework.org/schema/context"
	xmlns:tx="http://www.springframework.org/schema/tx" xmlns:aop="http://www.springframework.org/schema/aop"
	xmlns:p="http://www.springframework.org/schema/p" xmlns:xsi="http://www.w3.org/2001/XMLSchema-instance"
	xsi:schemaLocation="
        http://www.springframework.org/schema/beans
        http://www.springframework.org/schema/beans/spring-beans.xsd
        http://www.springframework.org/schema/mvc
        http://www.springframework.org/schema/mvc/spring-mvc.xsd
        http://www.springframework.org/schema/context
        http://www.springframework.org/schema/context/spring-context.xsd
        http://www.springframework.org/schema/tx
		http://www.springframework.org/schema/tx/spring-tx.xsd
		http://www.springframework.org/schema/aop
		http://www.springframework.org/schema/aop/spring-aop.xsd">

	<!-- 注解支持 -->
	<context:annotation-config />
	
	<aop:aspectj-autoproxy proxy-target-class="true" />

	<!-- 启动组件扫描，排除@Controller组件，该组件由SpringMVC配置文件扫描 -->
	<context:component-scan base-package="com.roncoo.adminlte" >
		<context:exclude-filter type="annotation" expression="org.springframework.stereotype.Controller" />
		<context:exclude-filter type="annotation" expression="org.springframework.web.bind.annotation.RestController" />
		<context:exclude-filter type="annotation" expression="org.springframework.web.bind.annotation.ControllerAdvice" />
	</context:component-scan>

	<!-- 引入配置文件 -->
	<context:property-placeholder location="classpath:/conf.properties" ignore-resource-not-found="true" />

	<!-- 引入模块 -->
	<import resource="classpath:/applicationContext-jdbc.xml" />
	<import resource="classpath:/applicationContext-mail.xml" />
	<import resource="classpath:/applicationContext-session.xml" />
	<import resource="classpath:/applicationContext-shiro.xml" />
	<import resource="classpath:/applicationContext-template.xml" />
	<import resource="classpath:/applicationContext-thread.xml" />
	
</beans>