[
	{
		"id": 1,
		"text": "My Documents",
		"children": [
			{
				"id": 11,
				"text": "Photos",
				"state": "closed",
				"children": [
					{
						"id": 111,
						"text": "Friend",
						"url": "tab.html"
					}, {
						"id": 112,
						"text": "Wife",
						"url": "tab.html"
					}, {
						"id": 113,
						"text": "Company",
						"url": "tab.html"
					}
				]
			}, {
				"id": 12,
				"text": "Program Files",
				"children": [
					{
						"id": 121,
						"text": "Intel",
						"url": "tab.html"
					}, {
						"id": 122,
						"text": "Java",
						"attributes": {
							"p1": "Custom Attribute1",
							"p2": "Custom Attribute2"
						}
					}, {
						"id": 123,
						"text": "Microsoft Office",
						"url": "tab.html"
					}, {
						"id": 124,
						"text": "Games",
						"checked": true,
						"url": "tab.html"
					}
				]
			}, {
				"id": 13,
				"text": "index.html",
				"url": "tab.html"
			}, {
				"id": 14,
				"text": "about.html",
				"url": "tab.html"
			}, {
				"id": 15,
				"text": "welcome.html",
				"url": "tab.html"
			}
		]
	}
]