<assembly xmlns="http://maven.apache.org/plugins/maven-assembly-plugin/assembly/1.1.2"
          xmlns:xsi="http://www.w3.org/2001/XMLSchema-instance"
          xsi:schemaLocation="http://maven.apache.org/plugins/maven-assembly-plugin/assembly/1.1.2
          http://maven.apache.org/xsd/assembly-1.1.2.xsd">
    <id>bundle</id>
    <formats>
        <format>zip</format>
    </formats>
    <fileSets>
        <fileSet>
            <includes>
                <include>${project.basedir}/README*</include>
                <include>${project.basedir}/LICENSE*</include>
                <include>${project.basedir}/NOTICE*</include>
            </includes>
        </fileSet>
        <fileSet>
            <directory>${project.build.directory}/lib</directory>
            <outputDirectory>lib</outputDirectory>
            <includes>
                <include>*.jar</include>
            </includes>
        </fileSet>
        <fileSet>
            <directory>${project.basedir}/src/main/assembly/</directory>
            <includes>
                <include>**/*.*</include>
            </includes>
        </fileSet>
    </fileSets>
</assembly>