﻿{
    "total": 55, "rows":
    [
        { "ID": 1, "Code": 1, "Name": "汤小祥", "Age": 45, "Height": 141, "Weight": 60.67, "CreateDate": "2007-03-28" },
        { "ID": 2, "Code": 2, "Name": "况文娟", "Age": 63, "Height": 146, "Weight": 72.82, "CreateDate": "2006-04-16" },
        { "ID": 3, "Code": 3, "Name": "李洪敏", "Age": 60, "Height": 187, "Weight": 51.66, "CreateDate": "2004-04-04" },
        { "ID": 4, "Code": 4, "Name": "彭成华", "Age": 59, "Height": 164, "Weight": 73.50, "CreateDate": "2005-10-12" },
        { "ID": 5, "Code": 5, "Name": "余梦恬", "Age": 31, "Height": 180, "Weight": 72.61, "CreateDate": "2003-03-16" },
        { "ID": 6, "Code": 6, "Name": "陈文斌", "Age": 42, "Height": 169, "Weight": 71.85, "CreateDate": "2008-09-25" },
        { "ID": 7, "Code": 7, "Name": "叶俊兰", "Age": 24, "Height": 192, "Weight": 66.09, "CreateDate": "2004-02-10" },
        { "ID": 8, "Code": 8, "Name": "武红梅", "Age": 23, "Height": 153, "Weight": 73.95, "CreateDate": "2009-04-25" },
        { "ID": 9, "Code": 9, "Name": "曾小莉", "Age": 34, "Height": 190, "Weight": 47.28, "CreateDate": "2005-12-18" },
        { "ID": 10, "Code": 10, "Name": "刘清", "Age": 33, "Height": 179, "Weight": 53.40, "CreateDate": "2006-12-29" },
        { "ID": 11, "Code": 11, "Name": "杨文乐", "Age": 25, "Height": 180, "Weight": 71.78, "CreateDate": "2001-01-13" },
        { "ID": 12, "Code": 12, "Name": "简立娟", "Age": 64, "Height": 153, "Weight": 50.64, "CreateDate": "2004-12-07" },
        { "ID": 13, "Code": 13, "Name": "丁海林", "Age": 20, "Height": 158, "Weight": 60.48, "CreateDate": "2008-05-13" },
        { "ID": 14, "Code": 14, "Name": "胡金路", "Age": 18, "Height": 182, "Weight": 56.41, "CreateDate": "2010-10-06" },
        { "ID": 15, "Code": 15, "Name": "虞洪生", "Age": 59, "Height": 166, "Weight": 51.85, "CreateDate": "2010-08-27" },
        { "ID": 16, "Code": 16, "Name": "郭柏梅", "Age": 28, "Height": 182, "Weight": 72.84, "CreateDate": "2008-01-22" },
        { "ID": 17, "Code": 17, "Name": "蔡显智　", "Age": 35, "Height": 174, "Weight": 47.90, "CreateDate": "2008-08-30" },
        { "ID": 18, "Code": 18, "Name": "范志强", "Age": 27, "Height": 149, "Weight": 48.04, "CreateDate": "2005-04-02" },
        { "ID": 19, "Code": 19, "Name": "范琴", "Age": 24, "Height": 170, "Weight": 51.69, "CreateDate": "2006-10-08" },
        { "ID": 20, "Code": 20, "Name": "颜辉辉", "Age": 22, "Height": 144, "Weight": 40.15, "CreateDate": "2006-08-03" }
    ]
}