<?xml version='1.0' encoding='UTF-8'?>
<faces-config xmlns="http://java.sun.com/xml/ns/javaee"
              xmlns:xsi="http://www.w3.org/2001/XMLSchema-instance"
              xsi:schemaLocation="http://java.sun.com/xml/ns/javaee http://java.sun.com/xml/ns/javaee/web-facesconfig_1_2.xsd"
              version="1.2">

    <application>

        <locale-config>
            <default-locale>en</default-locale>
        </locale-config>

        <!--
           Use Facelets as the primary view handler.  Since we have bookmarkable URLs,
           add Gravel's query preserving view handler to the list.
        -->
        <view-handler>com.sun.facelets.FaceletViewHandler</view-handler>
        <view-handler>org.jboss.gravel.QueryPreservingViewHandler</view-handler>

        <!--
           Use Gravel's navigation model.
        -->
        <navigation-handler>org.jboss.gravel.navigation.GravelNavigationHandler</navigation-handler>
    </application>
</faces-config>
