<?xml version="1.0" encoding="UTF-8"?>
<!DOCTYPE jboss-web PUBLIC 
    "-//JBoss//DTD Web Application 2.4//EN" 
    "http://www.jboss.org/j2ee/dtd/jboss-web_4_0.dtd">

<jboss-web>
    <!--
      Specify the security domain to use.  This will be java:/jaas/<name> where
      <name> is one of the names configured in your login-config.xml.
    -->
    <security-domain>java:/jaas/jbpm</security-domain>

    <resource-ref>
        <res-ref-name>jdbc/JbpmDataSource</res-ref-name>
        <jndi-name>java:JbpmDS</jndi-name>
    </resource-ref>

    <!-- EJB local references (begin) ===
    <resource-ref>
        <res-ref-name>jms/JbpmConnectionFactory</res-ref-name>
        <jndi-name>java:JmsXA</jndi-name>
    </resource-ref>
    ==== EJB local references (end) -->

</jboss-web>
