<?xml version="1.0" encoding="UTF-8"?>

<jbpm4jsf-config xmlns="http://jbpm.org/jbpm4jsf/config">

    <!-- This entry controls whether to map JSF user authentication to
         actor IDs.  Set to false if the authentication scheme used by
         the administration console is not related to the set of actors
         that is used by your processes.
    -->
    <authentication-service>
        <use-jsf-actor>true</use-jsf-actor>
    </authentication-service>

    <!-- This entry facilitates the usage of process image URLs -->
    <process-file-matcher>
        <pattern>^/sa/pi/(\d+).jpg$</pattern>
        <file-name>processimage.jpg</file-name>
        <content-type>image/jpg</content-type>
    </process-file-matcher>

</jbpm4jsf-config>

