﻿[
    {
        "bayNo": "01", "isEdge": true, "tiers": [
            { "tierNo": "84", "rows": [
                { "rowNo": "00", "disabled": false },
                { "rowNo": "01", "disabled": false },
                { "rowNo": "02", "disabled": false },
                { "rowNo": "03", "disabled": false },
                { "rowNo": "04", "disabled": false }
            ] },
            { "tierNo": "82", "rows": [
                { "rowNo": "00", "disabled": false },
                { "rowNo": "01", "disabled": false },
                { "rowNo": "02", "disabled": false },
                { "rowNo": "03", "disabled": false },
                { "rowNo": "04", "disabled": false }
            ] },
            { "tierNo": "08", "rows": [
                { "rowNo": "01", "disabled": false },
                { "rowNo": "02", "disabled": false },
                { "rowNo": "03", "disabled": false },
                { "rowNo": "04", "disabled": false },
                { "rowNo": "05", "disabled": false },
                { "rowNo": "06", "disabled": false }
            ] },
            { "tierNo": "06", "rows": [
                { "rowNo": "01", "disabled": false },
                { "rowNo": "02", "disabled": false },
                { "rowNo": "03", "disabled": false },
                { "rowNo": "04", "disabled": false },
                { "rowNo": "05", "disabled": false },
                { "rowNo": "06", "disabled": false }
            ] },
            { "tierNo": "04", "rows": [
                { "rowNo": "01", "disabled": false },
                { "rowNo": "02", "disabled": false },
                { "rowNo": "03", "disabled": false },
                { "rowNo": "04", "disabled": false },
                { "rowNo": "05", "disabled": true },
                { "rowNo": "06", "disabled": true }
            ] },
            { "tierNo": "02", "rows": [
                { "rowNo": "01", "disabled": false },
                { "rowNo": "02", "disabled": false },
                { "rowNo": "03", "disabled": false },
                { "rowNo": "04", "disabled": false },
                { "rowNo": "05", "disabled": true },
                { "rowNo": "06", "disabled": true }
            ] }
        ]
    },
    {
        "bayNo": "03", "isEdge": false, "tiers": [
            { "tierNo": "84", "rows": [
                { "rowNo": "00", "disabled": false },
                { "rowNo": "01", "disabled": false },
                { "rowNo": "02", "disabled": false },
                { "rowNo": "03", "disabled": false },
                { "rowNo": "04", "disabled": false },
                { "rowNo": "05", "disabled": false },
                { "rowNo": "06", "disabled": false },
                { "rowNo": "07", "disabled": false },
                { "rowNo": "08", "disabled": false }
            ] },
            { "tierNo": "82", "rows": [
                { "rowNo": "00", "disabled": false },
                { "rowNo": "01", "disabled": false },
                { "rowNo": "02", "disabled": false },
                { "rowNo": "03", "disabled": false },
                { "rowNo": "04", "disabled": false },
                { "rowNo": "05", "disabled": false },
                { "rowNo": "06", "disabled": false },
                { "rowNo": "07", "disabled": false },
                { "rowNo": "08", "disabled": false }
            ] },
            { "tierNo": "08", "rows": [
                { "rowNo": "01", "disabled": false },
                { "rowNo": "02", "disabled": false },
                { "rowNo": "03", "disabled": false },
                { "rowNo": "04", "disabled": false },
                { "rowNo": "05", "disabled": false },
                { "rowNo": "06", "disabled": false }
            ] },
            { "tierNo": "06", "rows": [
                { "rowNo": "01", "disabled": false },
                { "rowNo": "02", "disabled": false },
                { "rowNo": "03", "disabled": false },
                { "rowNo": "04", "disabled": false },
                { "rowNo": "05", "disabled": false },
                { "rowNo": "06", "disabled": false }
            ] },
            { "tierNo": "04", "rows": [
                { "rowNo": "01", "disabled": false },
                { "rowNo": "02", "disabled": false },
                { "rowNo": "03", "disabled": false },
                { "rowNo": "04", "disabled": false },
                { "rowNo": "05", "disabled": false },
                { "rowNo": "06", "disabled": false }
            ] },
            { "tierNo": "02", "rows": [
                { "rowNo": "01", "disabled": false },
                { "rowNo": "02", "disabled": false },
                { "rowNo": "03", "disabled": false },
                { "rowNo": "04", "disabled": false },
                { "rowNo": "05", "disabled": false },
                { "rowNo": "06", "disabled": false }
            ] }
        ]
    },
    {
        "bayNo": "05", "isEdge": true, "tiers": [
            { "tierNo": "84", "rows": [
                { "rowNo": "00", "disabled": false },
                { "rowNo": "01", "disabled": false },
                { "rowNo": "02", "disabled": false },
                { "rowNo": "03", "disabled": false },
                { "rowNo": "04", "disabled": false },
                { "rowNo": "05", "disabled": false },
                { "rowNo": "06", "disabled": false },
                { "rowNo": "07", "disabled": false },
                { "rowNo": "08", "disabled": false }
            ] },
            { "tierNo": "82", "rows": [
                { "rowNo": "00", "disabled": false },
                { "rowNo": "01", "disabled": false },
                { "rowNo": "02", "disabled": false },
                { "rowNo": "03", "disabled": false },
                { "rowNo": "04", "disabled": false },
                { "rowNo": "05", "disabled": false },
                { "rowNo": "06", "disabled": false },
                { "rowNo": "07", "disabled": false },
                { "rowNo": "08", "disabled": false }
            ] },
            { "tierNo": "08", "rows": [
                { "rowNo": "01", "disabled": false },
                { "rowNo": "02", "disabled": false },
                { "rowNo": "03", "disabled": false },
                { "rowNo": "04", "disabled": false },
                { "rowNo": "05", "disabled": false },
                { "rowNo": "06", "disabled": false }
            ] },
            { "tierNo": "06", "rows": [
                { "rowNo": "01", "disabled": false },
                { "rowNo": "02", "disabled": false },
                { "rowNo": "03", "disabled": false },
                { "rowNo": "04", "disabled": false },
                { "rowNo": "05", "disabled": false },
                { "rowNo": "06", "disabled": false }
            ] },
            { "tierNo": "04", "rows": [
                { "rowNo": "01", "disabled": false },
                { "rowNo": "02", "disabled": false },
                { "rowNo": "03", "disabled": false },
                { "rowNo": "04", "disabled": false },
                { "rowNo": "05", "disabled": false },
                { "rowNo": "06", "disabled": false }
            ] },
            { "tierNo": "02", "rows": [
                { "rowNo": "01", "disabled": false },
                { "rowNo": "02", "disabled": false },
                { "rowNo": "03", "disabled": false },
                { "rowNo": "04", "disabled": false },
                { "rowNo": "05", "disabled": false },
                { "rowNo": "06", "disabled": false }
            ] }
        ]
    },
    {
        "bayNo": "07", "isEdge": false, "tiers": [
            { "tierNo": "86", "rows": [
                { "rowNo": "00", "disabled": false },
                { "rowNo": "01", "disabled": false },
                { "rowNo": "02", "disabled": false },
                { "rowNo": "03", "disabled": false },
                { "rowNo": "04", "disabled": false },
                { "rowNo": "05", "disabled": false },
                { "rowNo": "06", "disabled": false },
                { "rowNo": "07", "disabled": false },
                { "rowNo": "08", "disabled": false }
            ] },
            { "tierNo": "84", "rows": [
                { "rowNo": "00", "disabled": false },
                { "rowNo": "01", "disabled": false },
                { "rowNo": "02", "disabled": false },
                { "rowNo": "03", "disabled": false },
                { "rowNo": "04", "disabled": false },
                { "rowNo": "05", "disabled": false },
                { "rowNo": "06", "disabled": false },
                { "rowNo": "07", "disabled": false },
                { "rowNo": "08", "disabled": false }
            ] },
            { "tierNo": "82", "rows": [
                { "rowNo": "00", "disabled": false },
                { "rowNo": "01", "disabled": false },
                { "rowNo": "02", "disabled": false },
                { "rowNo": "03", "disabled": false },
                { "rowNo": "04", "disabled": false },
                { "rowNo": "05", "disabled": false },
                { "rowNo": "06", "disabled": false },
                { "rowNo": "07", "disabled": false },
                { "rowNo": "08", "disabled": false }
            ] },
            { "tierNo": "08", "rows": [
                { "rowNo": "00", "disabled": false },
                { "rowNo": "01", "disabled": false },
                { "rowNo": "02", "disabled": false },
                { "rowNo": "03", "disabled": false },
                { "rowNo": "04", "disabled": false },
                { "rowNo": "05", "disabled": false },
                { "rowNo": "06", "disabled": false }
            ] },
            { "tierNo": "06", "rows": [
                { "rowNo": "00", "disabled": false },
                { "rowNo": "01", "disabled": false },
                { "rowNo": "02", "disabled": false },
                { "rowNo": "03", "disabled": false },
                { "rowNo": "04", "disabled": false },
                { "rowNo": "05", "disabled": false },
                { "rowNo": "06", "disabled": false }
            ] },
            { "tierNo": "04", "rows": [
                { "rowNo": "00", "disabled": false },
                { "rowNo": "01", "disabled": false },
                { "rowNo": "02", "disabled": false },
                { "rowNo": "03", "disabled": false },
                { "rowNo": "04", "disabled": false },
                { "rowNo": "05", "disabled": false },
                { "rowNo": "06", "disabled": false }
            ] },
            { "tierNo": "02", "rows": [
                { "rowNo": "00", "disabled": false },
                { "rowNo": "01", "disabled": false },
                { "rowNo": "02", "disabled": false },
                { "rowNo": "03", "disabled": false },
                { "rowNo": "04", "disabled": false },
                { "rowNo": "05", "disabled": false },
                { "rowNo": "06", "disabled": false }
            ] }
        ]
    },
    {
        "bayNo": "09", "isEdge": true, "tiers": [
            { "tierNo": "86", "rows": [
                { "rowNo": "00", "disabled": false },
                { "rowNo": "01", "disabled": false },
                { "rowNo": "02", "disabled": false },
                { "rowNo": "03", "disabled": false },
                { "rowNo": "04", "disabled": false },
                { "rowNo": "05", "disabled": false },
                { "rowNo": "06", "disabled": false },
                { "rowNo": "07", "disabled": false },
                { "rowNo": "08", "disabled": false }
            ] },
            { "tierNo": "84", "rows": [
                { "rowNo": "00", "disabled": false },
                { "rowNo": "01", "disabled": false },
                { "rowNo": "02", "disabled": false },
                { "rowNo": "03", "disabled": false },
                { "rowNo": "04", "disabled": false },
                { "rowNo": "05", "disabled": false },
                { "rowNo": "06", "disabled": false },
                { "rowNo": "07", "disabled": false },
                { "rowNo": "08", "disabled": false }
            ] },
            { "tierNo": "82", "rows": [
                { "rowNo": "00", "disabled": false },
                { "rowNo": "01", "disabled": false },
                { "rowNo": "02", "disabled": false },
                { "rowNo": "03", "disabled": false },
                { "rowNo": "04", "disabled": false },
                { "rowNo": "05", "disabled": false },
                { "rowNo": "06", "disabled": false },
                { "rowNo": "07", "disabled": false },
                { "rowNo": "08", "disabled": false }
            ] },
            { "tierNo": "08", "rows": [
                { "rowNo": "00", "disabled": false },
                { "rowNo": "01", "disabled": false },
                { "rowNo": "02", "disabled": false },
                { "rowNo": "03", "disabled": false },
                { "rowNo": "04", "disabled": false },
                { "rowNo": "05", "disabled": false },
                { "rowNo": "06", "disabled": false }
            ] },
            { "tierNo": "06", "rows": [
                { "rowNo": "00", "disabled": false },
                { "rowNo": "01", "disabled": false },
                { "rowNo": "02", "disabled": false },
                { "rowNo": "03", "disabled": false },
                { "rowNo": "04", "disabled": false },
                { "rowNo": "05", "disabled": false },
                { "rowNo": "06", "disabled": false }
            ] },
            { "tierNo": "04", "rows": [
                { "rowNo": "00", "disabled": false },
                { "rowNo": "01", "disabled": false },
                { "rowNo": "02", "disabled": false },
                { "rowNo": "03", "disabled": false },
                { "rowNo": "04", "disabled": false },
                { "rowNo": "05", "disabled": false },
                { "rowNo": "06", "disabled": false }
            ] },
            { "tierNo": "02", "rows": [
                { "rowNo": "00", "disabled": false },
                { "rowNo": "01", "disabled": false },
                { "rowNo": "02", "disabled": false },
                { "rowNo": "03", "disabled": false },
                { "rowNo": "04", "disabled": false },
                { "rowNo": "05", "disabled": false },
                { "rowNo": "06", "disabled": false }
            ] }
        ]
    },
    {
        "bayNo": "11", "isEdge": false, "tiers": [
            { "tierNo": "86", "rows": [
                { "rowNo": "00", "disabled": false },
                { "rowNo": "01", "disabled": false },
                { "rowNo": "02", "disabled": false },
                { "rowNo": "03", "disabled": false },
                { "rowNo": "04", "disabled": false },
                { "rowNo": "05", "disabled": false },
                { "rowNo": "06", "disabled": false },
                { "rowNo": "07", "disabled": false },
                { "rowNo": "08", "disabled": false }
            ] },
            { "tierNo": "84", "rows": [
                { "rowNo": "00", "disabled": false },
                { "rowNo": "01", "disabled": false },
                { "rowNo": "02", "disabled": false },
                { "rowNo": "03", "disabled": false },
                { "rowNo": "04", "disabled": false },
                { "rowNo": "05", "disabled": false },
                { "rowNo": "06", "disabled": false },
                { "rowNo": "07", "disabled": false },
                { "rowNo": "08", "disabled": false }
            ] },
            { "tierNo": "82", "rows": [
                { "rowNo": "00", "disabled": false },
                { "rowNo": "01", "disabled": false },
                { "rowNo": "02", "disabled": false },
                { "rowNo": "03", "disabled": false },
                { "rowNo": "04", "disabled": false },
                { "rowNo": "05", "disabled": false },
                { "rowNo": "06", "disabled": false },
                { "rowNo": "07", "disabled": false },
                { "rowNo": "08", "disabled": false }
            ] },
            { "tierNo": "08", "rows": [
                { "rowNo": "00", "disabled": false },
                { "rowNo": "01", "disabled": false },
                { "rowNo": "02", "disabled": false },
                { "rowNo": "03", "disabled": false },
                { "rowNo": "04", "disabled": false },
                { "rowNo": "05", "disabled": false },
                { "rowNo": "06", "disabled": false }
            ] },
            { "tierNo": "06", "rows": [
                { "rowNo": "00", "disabled": false },
                { "rowNo": "01", "disabled": false },
                { "rowNo": "02", "disabled": false },
                { "rowNo": "03", "disabled": false },
                { "rowNo": "04", "disabled": false },
                { "rowNo": "05", "disabled": false },
                { "rowNo": "06", "disabled": false }
            ] },
            { "tierNo": "04", "rows": [
                { "rowNo": "00", "disabled": false },
                { "rowNo": "01", "disabled": false },
                { "rowNo": "02", "disabled": false },
                { "rowNo": "03", "disabled": false },
                { "rowNo": "04", "disabled": false },
                { "rowNo": "05", "disabled": false },
                { "rowNo": "06", "disabled": false }
            ] },
            { "tierNo": "02", "rows": [
                { "rowNo": "00", "disabled": false },
                { "rowNo": "01", "disabled": false },
                { "rowNo": "02", "disabled": false },
                { "rowNo": "03", "disabled": false },
                { "rowNo": "04", "disabled": false },
                { "rowNo": "05", "disabled": false },
                { "rowNo": "06", "disabled": false }
            ] }
        ]
    },
    {
        "bayNo": "13", "isEdge": true, "tiers": [
            { "tierNo": "86", "rows": [
                { "rowNo": "00", "disabled": false },
                { "rowNo": "01", "disabled": false },
                { "rowNo": "02", "disabled": false },
                { "rowNo": "03", "disabled": false },
                { "rowNo": "04", "disabled": false },
                { "rowNo": "05", "disabled": false },
                { "rowNo": "06", "disabled": false },
                { "rowNo": "07", "disabled": false },
                { "rowNo": "08", "disabled": false }
            ] },
            { "tierNo": "84", "rows": [
                { "rowNo": "00", "disabled": false },
                { "rowNo": "01", "disabled": false },
                { "rowNo": "02", "disabled": false },
                { "rowNo": "03", "disabled": false },
                { "rowNo": "04", "disabled": false },
                { "rowNo": "05", "disabled": false },
                { "rowNo": "06", "disabled": false },
                { "rowNo": "07", "disabled": false },
                { "rowNo": "08", "disabled": false }
            ] },
            { "tierNo": "82", "rows": [
                { "rowNo": "00", "disabled": false },
                { "rowNo": "01", "disabled": false },
                { "rowNo": "02", "disabled": false },
                { "rowNo": "03", "disabled": false },
                { "rowNo": "04", "disabled": false },
                { "rowNo": "05", "disabled": false },
                { "rowNo": "06", "disabled": false },
                { "rowNo": "07", "disabled": false },
                { "rowNo": "08", "disabled": false }
            ] },
            { "tierNo": "08", "rows": [
                { "rowNo": "00", "disabled": false },
                { "rowNo": "01", "disabled": false },
                { "rowNo": "02", "disabled": false },
                { "rowNo": "03", "disabled": false },
                { "rowNo": "04", "disabled": false },
                { "rowNo": "05", "disabled": false },
                { "rowNo": "06", "disabled": false }
            ] },
            { "tierNo": "06", "rows": [
                { "rowNo": "00", "disabled": false },
                { "rowNo": "01", "disabled": false },
                { "rowNo": "02", "disabled": false },
                { "rowNo": "03", "disabled": false },
                { "rowNo": "04", "disabled": false },
                { "rowNo": "05", "disabled": false },
                { "rowNo": "06", "disabled": false }
            ] },
            { "tierNo": "04", "rows": [
                { "rowNo": "00", "disabled": false },
                { "rowNo": "01", "disabled": false },
                { "rowNo": "02", "disabled": false },
                { "rowNo": "03", "disabled": false },
                { "rowNo": "04", "disabled": false },
                { "rowNo": "05", "disabled": false },
                { "rowNo": "06", "disabled": false }
            ] },
            { "tierNo": "02", "rows": [
                { "rowNo": "00", "disabled": false },
                { "rowNo": "01", "disabled": false },
                { "rowNo": "02", "disabled": false },
                { "rowNo": "03", "disabled": false },
                { "rowNo": "04", "disabled": false },
                { "rowNo": "05", "disabled": false },
                { "rowNo": "06", "disabled": false }
            ] }
        ]
    },
    {
        "bayNo": "15", "isEdge": false, "tiers": [
            { "tierNo": "86", "rows": [
                { "rowNo": "00", "disabled": false },
                { "rowNo": "01", "disabled": false },
                { "rowNo": "02", "disabled": false },
                { "rowNo": "03", "disabled": false },
                { "rowNo": "04", "disabled": false },
                { "rowNo": "05", "disabled": false },
                { "rowNo": "06", "disabled": false },
                { "rowNo": "07", "disabled": false },
                { "rowNo": "08", "disabled": false }
            ] },
            { "tierNo": "84", "rows": [
                { "rowNo": "00", "disabled": false },
                { "rowNo": "01", "disabled": false },
                { "rowNo": "02", "disabled": false },
                { "rowNo": "03", "disabled": false },
                { "rowNo": "04", "disabled": false },
                { "rowNo": "05", "disabled": false },
                { "rowNo": "06", "disabled": false },
                { "rowNo": "07", "disabled": false },
                { "rowNo": "08", "disabled": false }
            ] },
            { "tierNo": "82", "rows": [
                { "rowNo": "00", "disabled": false },
                { "rowNo": "01", "disabled": false },
                { "rowNo": "02", "disabled": false },
                { "rowNo": "03", "disabled": false },
                { "rowNo": "04", "disabled": false },
                { "rowNo": "05", "disabled": false },
                { "rowNo": "06", "disabled": false },
                { "rowNo": "07", "disabled": false },
                { "rowNo": "08", "disabled": false }
            ] },
            { "tierNo": "08", "rows": [
                { "rowNo": "00", "disabled": false },
                { "rowNo": "01", "disabled": false },
                { "rowNo": "02", "disabled": false },
                { "rowNo": "03", "disabled": false },
                { "rowNo": "04", "disabled": false },
                { "rowNo": "05", "disabled": false },
                { "rowNo": "06", "disabled": false }
            ] },
            { "tierNo": "06", "rows": [
                { "rowNo": "00", "disabled": false },
                { "rowNo": "01", "disabled": false },
                { "rowNo": "02", "disabled": false },
                { "rowNo": "03", "disabled": false },
                { "rowNo": "04", "disabled": false },
                { "rowNo": "05", "disabled": false },
                { "rowNo": "06", "disabled": false }
            ] },
            { "tierNo": "04", "rows": [
                { "rowNo": "00", "disabled": false },
                { "rowNo": "01", "disabled": false },
                { "rowNo": "02", "disabled": false },
                { "rowNo": "03", "disabled": false },
                { "rowNo": "04", "disabled": false },
                { "rowNo": "05", "disabled": false },
                { "rowNo": "06", "disabled": false }
            ] },
            { "tierNo": "02", "rows": [
                { "rowNo": "00", "disabled": false },
                { "rowNo": "01", "disabled": false },
                { "rowNo": "02", "disabled": false },
                { "rowNo": "03", "disabled": false },
                { "rowNo": "04", "disabled": false },
                { "rowNo": "05", "disabled": false },
                { "rowNo": "06", "disabled": false }
            ] }
        ]
    },
    {
        "bayNo": "17", "isEdge": true, "tiers": [
            { "tierNo": "86", "rows": [
                { "rowNo": "00", "disabled": false },
                { "rowNo": "01", "disabled": false },
                { "rowNo": "02", "disabled": false },
                { "rowNo": "03", "disabled": false },
                { "rowNo": "04", "disabled": false },
                { "rowNo": "05", "disabled": false },
                { "rowNo": "06", "disabled": false },
                { "rowNo": "07", "disabled": false },
                { "rowNo": "08", "disabled": false }
            ] },
            { "tierNo": "84", "rows": [
                { "rowNo": "00", "disabled": false },
                { "rowNo": "01", "disabled": false },
                { "rowNo": "02", "disabled": false },
                { "rowNo": "03", "disabled": false },
                { "rowNo": "04", "disabled": false },
                { "rowNo": "05", "disabled": false },
                { "rowNo": "06", "disabled": false },
                { "rowNo": "07", "disabled": false },
                { "rowNo": "08", "disabled": false }
            ] },
            { "tierNo": "82", "rows": [
                { "rowNo": "00", "disabled": false },
                { "rowNo": "01", "disabled": false },
                { "rowNo": "02", "disabled": false },
                { "rowNo": "03", "disabled": false },
                { "rowNo": "04", "disabled": false },
                { "rowNo": "05", "disabled": false },
                { "rowNo": "06", "disabled": false },
                { "rowNo": "07", "disabled": false },
                { "rowNo": "08", "disabled": false }
            ] },
            { "tierNo": "08", "rows": [
                { "rowNo": "00", "disabled": false },
                { "rowNo": "01", "disabled": false },
                { "rowNo": "02", "disabled": false },
                { "rowNo": "03", "disabled": false },
                { "rowNo": "04", "disabled": false },
                { "rowNo": "05", "disabled": false },
                { "rowNo": "06", "disabled": false }
            ] },
            { "tierNo": "06", "rows": [
                { "rowNo": "00", "disabled": false },
                { "rowNo": "01", "disabled": false },
                { "rowNo": "02", "disabled": false },
                { "rowNo": "03", "disabled": false },
                { "rowNo": "04", "disabled": false },
                { "rowNo": "05", "disabled": false },
                { "rowNo": "06", "disabled": false }
            ] },
            { "tierNo": "04", "rows": [
                { "rowNo": "00", "disabled": false },
                { "rowNo": "01", "disabled": false },
                { "rowNo": "02", "disabled": false },
                { "rowNo": "03", "disabled": false },
                { "rowNo": "04", "disabled": false },
                { "rowNo": "05", "disabled": false },
                { "rowNo": "06", "disabled": false }
            ] },
            { "tierNo": "02", "rows": [
                { "rowNo": "00", "disabled": false },
                { "rowNo": "01", "disabled": false },
                { "rowNo": "02", "disabled": false },
                { "rowNo": "03", "disabled": false },
                { "rowNo": "04", "disabled": false },
                { "rowNo": "05", "disabled": false },
                { "rowNo": "06", "disabled": false }
            ] }
        ]
    },
    {
        "bayNo": "19", "isEdge": false, "tiers": [
            { "tierNo": "86", "rows": [
                { "rowNo": "00", "disabled": false },
                { "rowNo": "01", "disabled": false },
                { "rowNo": "02", "disabled": false },
                { "rowNo": "03", "disabled": false },
                { "rowNo": "04", "disabled": false },
                { "rowNo": "05", "disabled": false },
                { "rowNo": "06", "disabled": false },
                { "rowNo": "07", "disabled": false },
                { "rowNo": "08", "disabled": false }
            ] },
            { "tierNo": "84", "rows": [
                { "rowNo": "00", "disabled": false },
                { "rowNo": "01", "disabled": false },
                { "rowNo": "02", "disabled": false },
                { "rowNo": "03", "disabled": false },
                { "rowNo": "04", "disabled": false },
                { "rowNo": "05", "disabled": false },
                { "rowNo": "06", "disabled": false },
                { "rowNo": "07", "disabled": false },
                { "rowNo": "08", "disabled": false }
            ] },
            { "tierNo": "82", "rows": [
                { "rowNo": "00", "disabled": false },
                { "rowNo": "01", "disabled": false },
                { "rowNo": "02", "disabled": false },
                { "rowNo": "03", "disabled": false },
                { "rowNo": "04", "disabled": false },
                { "rowNo": "05", "disabled": false },
                { "rowNo": "06", "disabled": false },
                { "rowNo": "07", "disabled": false },
                { "rowNo": "08", "disabled": false }
            ] },
            { "tierNo": "08", "rows": [
                { "rowNo": "00", "disabled": false },
                { "rowNo": "01", "disabled": false },
                { "rowNo": "02", "disabled": false },
                { "rowNo": "03", "disabled": false },
                { "rowNo": "04", "disabled": false },
                { "rowNo": "05", "disabled": false },
                { "rowNo": "06", "disabled": false }
            ] },
            { "tierNo": "06", "rows": [
                { "rowNo": "00", "disabled": false },
                { "rowNo": "01", "disabled": false },
                { "rowNo": "02", "disabled": false },
                { "rowNo": "03", "disabled": false },
                { "rowNo": "04", "disabled": false },
                { "rowNo": "05", "disabled": false },
                { "rowNo": "06", "disabled": false }
            ] },
            { "tierNo": "04", "rows": [
                { "rowNo": "00", "disabled": false },
                { "rowNo": "01", "disabled": false },
                { "rowNo": "02", "disabled": false },
                { "rowNo": "03", "disabled": false },
                { "rowNo": "04", "disabled": false },
                { "rowNo": "05", "disabled": false },
                { "rowNo": "06", "disabled": false }
            ] },
            { "tierNo": "02", "rows": [
                { "rowNo": "00", "disabled": false },
                { "rowNo": "01", "disabled": false },
                { "rowNo": "02", "disabled": false },
                { "rowNo": "03", "disabled": false },
                { "rowNo": "04", "disabled": false },
                { "rowNo": "05", "disabled": false },
                { "rowNo": "06", "disabled": false }
            ] }
        ]
    },
    {
        "bayNo": "21", "isEdge": true, "tiers": [
            { "tierNo": "86", "rows": [
                { "rowNo": "00", "disabled": false },
                { "rowNo": "01", "disabled": false },
                { "rowNo": "02", "disabled": false },
                { "rowNo": "03", "disabled": false },
                { "rowNo": "04", "disabled": false },
                { "rowNo": "05", "disabled": false },
                { "rowNo": "06", "disabled": false },
                { "rowNo": "07", "disabled": false },
                { "rowNo": "08", "disabled": false }
            ] },
            { "tierNo": "84", "rows": [
                { "rowNo": "00", "disabled": false },
                { "rowNo": "01", "disabled": false },
                { "rowNo": "02", "disabled": false },
                { "rowNo": "03", "disabled": false },
                { "rowNo": "04", "disabled": false },
                { "rowNo": "05", "disabled": false },
                { "rowNo": "06", "disabled": false },
                { "rowNo": "07", "disabled": false },
                { "rowNo": "08", "disabled": false }
            ] },
            { "tierNo": "82", "rows": [
                { "rowNo": "00", "disabled": false },
                { "rowNo": "01", "disabled": false },
                { "rowNo": "02", "disabled": false },
                { "rowNo": "03", "disabled": false },
                { "rowNo": "04", "disabled": false },
                { "rowNo": "05", "disabled": false },
                { "rowNo": "06", "disabled": false },
                { "rowNo": "07", "disabled": false },
                { "rowNo": "08", "disabled": false }
            ] },
            { "tierNo": "08", "rows": [
                { "rowNo": "00", "disabled": false },
                { "rowNo": "01", "disabled": false },
                { "rowNo": "02", "disabled": false },
                { "rowNo": "03", "disabled": false },
                { "rowNo": "04", "disabled": false },
                { "rowNo": "05", "disabled": false },
                { "rowNo": "06", "disabled": false }
            ] },
            { "tierNo": "06", "rows": [
                { "rowNo": "00", "disabled": false },
                { "rowNo": "01", "disabled": false },
                { "rowNo": "02", "disabled": false },
                { "rowNo": "03", "disabled": false },
                { "rowNo": "04", "disabled": false },
                { "rowNo": "05", "disabled": false },
                { "rowNo": "06", "disabled": false }
            ] },
            { "tierNo": "04", "rows": [
                { "rowNo": "00", "disabled": false },
                { "rowNo": "01", "disabled": false },
                { "rowNo": "02", "disabled": false },
                { "rowNo": "03", "disabled": false },
                { "rowNo": "04", "disabled": false },
                { "rowNo": "05", "disabled": false },
                { "rowNo": "06", "disabled": false }
            ] },
            { "tierNo": "02", "rows": [
                { "rowNo": "00", "disabled": false },
                { "rowNo": "01", "disabled": false },
                { "rowNo": "02", "disabled": false },
                { "rowNo": "03", "disabled": false },
                { "rowNo": "04", "disabled": false },
                { "rowNo": "05", "disabled": false },
                { "rowNo": "06", "disabled": false }
            ] }
        ]
    },
    {
        "bayNo": "23", "isEdge": false, "tiers": [
            { "tierNo": "86", "rows": [
                { "rowNo": "00", "disabled": false },
                { "rowNo": "01", "disabled": false },
                { "rowNo": "02", "disabled": false },
                { "rowNo": "03", "disabled": false },
                { "rowNo": "04", "disabled": false },
                { "rowNo": "05", "disabled": false },
                { "rowNo": "06", "disabled": false },
                { "rowNo": "07", "disabled": false },
                { "rowNo": "08", "disabled": false }
            ] },
            { "tierNo": "84", "rows": [
                { "rowNo": "00", "disabled": false },
                { "rowNo": "01", "disabled": false },
                { "rowNo": "02", "disabled": false },
                { "rowNo": "03", "disabled": false },
                { "rowNo": "04", "disabled": false },
                { "rowNo": "05", "disabled": false },
                { "rowNo": "06", "disabled": false },
                { "rowNo": "07", "disabled": false },
                { "rowNo": "08", "disabled": false }
            ] },
            { "tierNo": "82", "rows": [
                { "rowNo": "00", "disabled": false },
                { "rowNo": "01", "disabled": false },
                { "rowNo": "02", "disabled": false },
                { "rowNo": "03", "disabled": false },
                { "rowNo": "04", "disabled": false },
                { "rowNo": "05", "disabled": false },
                { "rowNo": "06", "disabled": false },
                { "rowNo": "07", "disabled": false },
                { "rowNo": "08", "disabled": false }
            ] },
            { "tierNo": "08", "rows": [
                { "rowNo": "00", "disabled": false },
                { "rowNo": "01", "disabled": false },
                { "rowNo": "02", "disabled": false },
                { "rowNo": "03", "disabled": false },
                { "rowNo": "04", "disabled": false },
                { "rowNo": "05", "disabled": false },
                { "rowNo": "06", "disabled": false }
            ] },
            { "tierNo": "06", "rows": [
                { "rowNo": "00", "disabled": false },
                { "rowNo": "01", "disabled": false },
                { "rowNo": "02", "disabled": false },
                { "rowNo": "03", "disabled": false },
                { "rowNo": "04", "disabled": false },
                { "rowNo": "05", "disabled": false },
                { "rowNo": "06", "disabled": false }
            ] },
            { "tierNo": "04", "rows": [
                { "rowNo": "00", "disabled": false },
                { "rowNo": "01", "disabled": false },
                { "rowNo": "02", "disabled": false },
                { "rowNo": "03", "disabled": false },
                { "rowNo": "04", "disabled": false },
                { "rowNo": "05", "disabled": false },
                { "rowNo": "06", "disabled": false }
            ] },
            { "tierNo": "02", "rows": [
                { "rowNo": "00", "disabled": false },
                { "rowNo": "01", "disabled": false },
                { "rowNo": "02", "disabled": false },
                { "rowNo": "03", "disabled": false },
                { "rowNo": "04", "disabled": false },
                { "rowNo": "05", "disabled": false },
                { "rowNo": "06", "disabled": false }
            ] }
        ]
    },
    {
        "bayNo": "25", "isEdge": true, "tiers": [
            { "tierNo": "86", "rows": [
                { "rowNo": "00", "disabled": false },
                { "rowNo": "01", "disabled": false },
                { "rowNo": "02", "disabled": false },
                { "rowNo": "03", "disabled": false },
                { "rowNo": "04", "disabled": false },
                { "rowNo": "05", "disabled": false },
                { "rowNo": "06", "disabled": false },
                { "rowNo": "07", "disabled": false },
                { "rowNo": "08", "disabled": false }
            ] },
            { "tierNo": "84", "rows": [
                { "rowNo": "00", "disabled": false },
                { "rowNo": "01", "disabled": false },
                { "rowNo": "02", "disabled": false },
                { "rowNo": "03", "disabled": false },
                { "rowNo": "04", "disabled": false },
                { "rowNo": "05", "disabled": false },
                { "rowNo": "06", "disabled": false },
                { "rowNo": "07", "disabled": false },
                { "rowNo": "08", "disabled": false }
            ] },
            { "tierNo": "82", "rows": [
                { "rowNo": "00", "disabled": false },
                { "rowNo": "01", "disabled": false },
                { "rowNo": "02", "disabled": false },
                { "rowNo": "03", "disabled": false },
                { "rowNo": "04", "disabled": false },
                { "rowNo": "05", "disabled": false },
                { "rowNo": "06", "disabled": false },
                { "rowNo": "07", "disabled": false },
                { "rowNo": "08", "disabled": false }
            ] },
            { "tierNo": "08", "rows": [
                { "rowNo": "00", "disabled": false },
                { "rowNo": "01", "disabled": false },
                { "rowNo": "02", "disabled": false },
                { "rowNo": "03", "disabled": false },
                { "rowNo": "04", "disabled": false },
                { "rowNo": "05", "disabled": false },
                { "rowNo": "06", "disabled": false }
            ] },
            { "tierNo": "06", "rows": [
                { "rowNo": "00", "disabled": false },
                { "rowNo": "01", "disabled": false },
                { "rowNo": "02", "disabled": false },
                { "rowNo": "03", "disabled": false },
                { "rowNo": "04", "disabled": false },
                { "rowNo": "05", "disabled": false },
                { "rowNo": "06", "disabled": false }
            ] },
            { "tierNo": "04", "rows": [
                { "rowNo": "00", "disabled": false },
                { "rowNo": "01", "disabled": false },
                { "rowNo": "02", "disabled": false },
                { "rowNo": "03", "disabled": false },
                { "rowNo": "04", "disabled": false },
                { "rowNo": "05", "disabled": false },
                { "rowNo": "06", "disabled": false }
            ] },
            { "tierNo": "02", "rows": [
                { "rowNo": "00", "disabled": false },
                { "rowNo": "01", "disabled": false },
                { "rowNo": "02", "disabled": false },
                { "rowNo": "03", "disabled": false },
                { "rowNo": "04", "disabled": false },
                { "rowNo": "05", "disabled": false },
                { "rowNo": "06", "disabled": false }
            ] }
        ]
    },
    {
        "bayNo": "27", "isEdge": false, "tiers": [
            { "tierNo": "86", "rows": [
                { "rowNo": "00", "disabled": false },
                { "rowNo": "01", "disabled": false },
                { "rowNo": "02", "disabled": false },
                { "rowNo": "03", "disabled": false },
                { "rowNo": "04", "disabled": false },
                { "rowNo": "05", "disabled": false },
                { "rowNo": "06", "disabled": false },
                { "rowNo": "07", "disabled": false },
                { "rowNo": "08", "disabled": false }
            ] },
            { "tierNo": "84", "rows": [
                { "rowNo": "00", "disabled": false },
                { "rowNo": "01", "disabled": false },
                { "rowNo": "02", "disabled": false },
                { "rowNo": "03", "disabled": false },
                { "rowNo": "04", "disabled": false },
                { "rowNo": "05", "disabled": false },
                { "rowNo": "06", "disabled": false },
                { "rowNo": "07", "disabled": false },
                { "rowNo": "08", "disabled": false }
            ] },
            { "tierNo": "82", "rows": [
                { "rowNo": "00", "disabled": false },
                { "rowNo": "01", "disabled": false },
                { "rowNo": "02", "disabled": false },
                { "rowNo": "03", "disabled": false },
                { "rowNo": "04", "disabled": false },
                { "rowNo": "05", "disabled": false },
                { "rowNo": "06", "disabled": false },
                { "rowNo": "07", "disabled": false },
                { "rowNo": "08", "disabled": false }
            ] },
            { "tierNo": "08", "rows": [
                { "rowNo": "00", "disabled": false },
                { "rowNo": "01", "disabled": false },
                { "rowNo": "02", "disabled": false },
                { "rowNo": "03", "disabled": false },
                { "rowNo": "04", "disabled": false },
                { "rowNo": "05", "disabled": false },
                { "rowNo": "06", "disabled": false }
            ] },
            { "tierNo": "06", "rows": [
                { "rowNo": "00", "disabled": false },
                { "rowNo": "01", "disabled": false },
                { "rowNo": "02", "disabled": false },
                { "rowNo": "03", "disabled": false },
                { "rowNo": "04", "disabled": false },
                { "rowNo": "05", "disabled": false },
                { "rowNo": "06", "disabled": false }
            ] },
            { "tierNo": "04", "rows": [
                { "rowNo": "00", "disabled": false },
                { "rowNo": "01", "disabled": false },
                { "rowNo": "02", "disabled": false },
                { "rowNo": "03", "disabled": false },
                { "rowNo": "04", "disabled": false },
                { "rowNo": "05", "disabled": false },
                { "rowNo": "06", "disabled": false }
            ] },
            { "tierNo": "02", "rows": [
                { "rowNo": "00", "disabled": false },
                { "rowNo": "01", "disabled": false },
                { "rowNo": "02", "disabled": false },
                { "rowNo": "03", "disabled": false },
                { "rowNo": "04", "disabled": false },
                { "rowNo": "05", "disabled": false },
                { "rowNo": "06", "disabled": false }
            ] }
        ]
    },
    {
        "bayNo": "29", "isEdge": true, "tiers": [
            { "tierNo": "86", "rows": [
                { "rowNo": "00", "disabled": false },
                { "rowNo": "01", "disabled": false },
                { "rowNo": "02", "disabled": false },
                { "rowNo": "03", "disabled": false },
                { "rowNo": "04", "disabled": false },
                { "rowNo": "05", "disabled": false },
                { "rowNo": "06", "disabled": false },
                { "rowNo": "07", "disabled": false },
                { "rowNo": "08", "disabled": false }
            ] },
            { "tierNo": "84", "rows": [
                { "rowNo": "00", "disabled": false },
                { "rowNo": "01", "disabled": false },
                { "rowNo": "02", "disabled": false },
                { "rowNo": "03", "disabled": false },
                { "rowNo": "04", "disabled": false },
                { "rowNo": "05", "disabled": false },
                { "rowNo": "06", "disabled": false },
                { "rowNo": "07", "disabled": false },
                { "rowNo": "08", "disabled": false }
            ] },
            { "tierNo": "82", "rows": [
                { "rowNo": "00", "disabled": false },
                { "rowNo": "01", "disabled": false },
                { "rowNo": "02", "disabled": false },
                { "rowNo": "03", "disabled": false },
                { "rowNo": "04", "disabled": false },
                { "rowNo": "05", "disabled": false },
                { "rowNo": "06", "disabled": false },
                { "rowNo": "07", "disabled": false },
                { "rowNo": "08", "disabled": false }
            ] },
            { "tierNo": "08", "rows": [
                { "rowNo": "00", "disabled": false },
                { "rowNo": "01", "disabled": false },
                { "rowNo": "02", "disabled": false },
                { "rowNo": "03", "disabled": false },
                { "rowNo": "04", "disabled": false },
                { "rowNo": "05", "disabled": false },
                { "rowNo": "06", "disabled": false }
            ] },
            { "tierNo": "06", "rows": [
                { "rowNo": "00", "disabled": false },
                { "rowNo": "01", "disabled": false },
                { "rowNo": "02", "disabled": false },
                { "rowNo": "03", "disabled": false },
                { "rowNo": "04", "disabled": false },
                { "rowNo": "05", "disabled": false },
                { "rowNo": "06", "disabled": false }
            ] },
            { "tierNo": "04", "rows": [
                { "rowNo": "00", "disabled": false },
                { "rowNo": "01", "disabled": false },
                { "rowNo": "02", "disabled": false },
                { "rowNo": "03", "disabled": false },
                { "rowNo": "04", "disabled": false },
                { "rowNo": "05", "disabled": false },
                { "rowNo": "06", "disabled": false }
            ] },
            { "tierNo": "02", "rows": [
                { "rowNo": "00", "disabled": false },
                { "rowNo": "01", "disabled": false },
                { "rowNo": "02", "disabled": false },
                { "rowNo": "03", "disabled": false },
                { "rowNo": "04", "disabled": false }
            ] }
        ]
    },
    {
        "bayNo": "33", "isEdge": true, "tiers": [
            { "tierNo": "88", "rows": [
                { "rowNo": "00", "disabled": false },
                { "rowNo": "01", "disabled": false },
                { "rowNo": "02", "disabled": false },
                { "rowNo": "03", "disabled": false },
                { "rowNo": "04", "disabled": false },
                { "rowNo": "05", "disabled": false },
                { "rowNo": "06", "disabled": false },
                { "rowNo": "07", "disabled": false },
                { "rowNo": "08", "disabled": false }
            ] },
            { "tierNo": "86", "rows": [
                { "rowNo": "00", "disabled": false },
                { "rowNo": "01", "disabled": false },
                { "rowNo": "02", "disabled": false },
                { "rowNo": "03", "disabled": false },
                { "rowNo": "04", "disabled": false },
                { "rowNo": "05", "disabled": false },
                { "rowNo": "06", "disabled": false },
                { "rowNo": "07", "disabled": false },
                { "rowNo": "08", "disabled": false }
            ] },
            { "tierNo": "84", "rows": [
                { "rowNo": "00", "disabled": false },
                { "rowNo": "01", "disabled": false },
                { "rowNo": "02", "disabled": false },
                { "rowNo": "03", "disabled": false },
                { "rowNo": "04", "disabled": false },
                { "rowNo": "05", "disabled": false },
                { "rowNo": "06", "disabled": false },
                { "rowNo": "07", "disabled": false },
                { "rowNo": "08", "disabled": false }
            ] },
            { "tierNo": "82", "rows": [
                { "rowNo": "00", "disabled": false },
                { "rowNo": "01", "disabled": false },
                { "rowNo": "02", "disabled": true },
                { "rowNo": "03", "disabled": false },
                { "rowNo": "04", "disabled": false },
                { "rowNo": "05", "disabled": false },
                { "rowNo": "06", "disabled": false },
                { "rowNo": "07", "disabled": false }
            ] }
        ]
    }
]