<?xml version="1.0" encoding="UTF-8"?>
<!DOCTYPE generatorConfiguration
        PUBLIC "-//mybatis.org//DTD MyBatis Generator Configuration 1.0//EN"
        "http://mybatis.org/dtd/mybatis-generator-config_1_0.dtd">

<generatorConfiguration>
    <classPathEntry location="../libs/mysql-connector-java-5.1.37.jar"/>
    <context id="DB2Tables" targetRuntime="MyBatis3">
        <jdbcConnection
                driverClass="com.mysql.jdbc.Driver" connectionURL="jdbc:mysql://localhost:3306/ssm"
                userId="root" password="root">
        </jdbcConnection>
        <javaTypeResolver>
            <property name="forceBigDecimals" value="false"/>
        </javaTypeResolver>
        <javaModelGenerator targetPackage="com.exp.model" targetProject="./src/main/java">
            <property name="enableSubPackages" value="true"/>
            <property name="trimStrings" value="true"/>
        </javaModelGenerator>
        <sqlMapGenerator targetPackage="com.exp.mapping" targetProject="./src/main/resources">
            <property name="enableSubPackages" value="true"/>
        </sqlMapGenerator>
        <javaClientGenerator type="XMLMAPPER" targetPackage="com.exp.dao"
                             targetProject="./src/main/java">
            <property name="enableSubPackages" value="true"/>
        </javaClientGenerator>

        <table tableName="t_role" domainObjectName="Role">
            <generatedKey column="id" sqlStatement="SELECT LAST_INSERT_ID()" type="post" identity="true"/>
        </table>
        <table tableName="t_user" domainObjectName="User">
            <generatedKey column="id" sqlStatement="SELECT LAST_INSERT_ID()" type="post" identity="true"/>
        </table>
    </context>
</generatorConfiguration>