﻿[
    { "name": "*庆明 hqm***@163.com", "date": "2014.04.12 13:52:28", "total": 10 },
    { "name": "*洁 492***@qq.com", "date": "2014.03.26 11:19:32", "total": 10 },
    { "name": "*量 xul***@qq.com", "date": "2013.09.16 14:55:44", "total": 10 },
    { "name": "*晓江 c***@csair.com", "date": "2013.08.24 15:55:47", "total": 100 },
    { "name": "*俊宏 kar***@163.com", "date": "2013.08.24 14:27:11", "total": 10 },
    { "name": "*溪林 dua***@sina.com", "date": "2013.08.08 16:55:42", "total": 100 },
    { "name": "*业 lin***@sina.com", "date": "2013.08.08 16:48:35", "total": 1 }
]