﻿[
    { "id": "0", "text": "百度一下", "iconCls": "icon-hamburg-docs", "attributes": { "href": "http://www.baidu.com", "iniframe": true, "closable": true, "refreshable": true, "selected": true } },
    { "id": "1", "text": "测试菜单 1", "iconCls": "icon-standard-accept" },
    { "id": "2", "text": "测试菜单 2", "iconCls": "icon-standard-add" },
    { "id": "3", "text": "测试菜单 3", "iconCls": "icon-standard-anchor" },
    { "id": "4", "text": "测试菜单 4", "iconCls": "icon-standard-application", "disabled": true },
    { "id": "5", "text": "测试菜单 5", "iconCls": "icon-standard-application-add", "disabled": true },
    { "id": "6", "text": "测试菜单 6", "iconCls": "icon-standard-application-cascade", "disabled": true },
    { "id": "10", "text": "扩展 API 文档", "iconCls": "icon-hamburg-docs" },
    { "id": "11", "text": "演示 DEMO", "iconCls": "icon-hamburg-product-design" }
]