﻿[
    { "id": "1001", "text": "jQuery jDirk", "pid": "10", "attributes": { "href": "docs/doc.html?jdirk.html" } },
    { "id": "1002", "text": "Base", "pid": "10", "children": [
        { "id": "100201", "text": "jeasyui.extensions.js", "pid": "1002", "attributes": { "href": "docs/doc.html?base.html" } }
    ]
    },
    { "id": "1003", "text": "Layout", "pid": "10", "children": [
        { "id": "100301", "text": "jeasyui.extensions.panel.js", "pid": "1003", "attributes": { "href": "docs/doc.html?panel.html" } },
        { "id": "100302", "text": "jeasyui.extensions.tabs.js", "pid": "1003", "attributes": { "href": "docs/doc.html?tabs.html" } }
    ]
    },
    { "id": "1004", "text": "Menu and Button", "pid": "10", "children": [
        { "id": "100401", "text": "jeasyui.extensions.menu.js", "pid": "1004", "attributes": { "href": "docs/doc.html?menu.html" } },
        { "id": "100402", "text": "jeasyui.extensions.linkbutton.js", "pid": "1004", "attributes": { "href": "docs/doc.html?linkbutton.html" } }
    ]
    },
    { "id": "1005", "text": "Form", "pid": "10", "children": [
        { "id": "100501", "text": "jeasyui.extensions.form.js", "pid": "1005", "attributes": { "href": "docs/doc.html?form.html" } },
        { "id": "100502", "text": "jeasyui.extensions.validatebox.js", "pid": "1005", "attributes": { "href": "docs/doc.html?validatebox.html" } },
        { "id": "100503", "text": "jeasyui.extensions.combo.js", "pid": "1005", "attributes": { "href": "docs/doc.html?combo.html" } },
        { "id": "100504", "text": "jeasyui.extensions.combobox.js", "pid": "1005", "attributes": { "href": "docs/doc.html?combobox.html" } },
        { "id": "100505", "text": "jeasyui.extensions.combogrid.js", "pid": "1005", "attributes": { "href": "docs/doc.html?combogrid.html" } },
        { "id": "100506", "text": "jeasyui.extensions.combotree.js", "pid": "1005", "attributes": { "href": "docs/doc.html?combotree.html" } }
    ]
    },
    { "id": "1006", "text": "Window", "pid": "10", "children": [
        { "id": "100601", "text": "jeasyui.extensions.window.js", "pid": "1006", "attributes": { "href": "docs/doc.html?window.html" } },
        { "id": "100602", "text": "jeasyui.extensions.dialog.js", "pid": "1006", "attributes": { "href": "docs/doc.html?dialog.html" } }
    ]
    },
    { "id": "1007", "text": "DataGrid and Tree", "pid": "10", "children": [
        { "id": "100701", "text": "jeasyui.extensions.datagrid.js", "pid": "1007", "attributes": { "href": "docs/doc.html?datagrid.html" } },
        { "id": "100702", "text": "jeasyui.extensions.tree.js", "pid": "1007", "attributes": { "href": "docs/doc.html?tree.html" } },
        { "id": "100703", "text": "jeasyui.extensions.treegrid.js", "pid": "1007", "attributes": { "href": "docs/doc.html?treegrid.html" } }
    ]
    },
    { "id": "1008", "text": "Others", "pid": "10", "children": [
        { "id": "100801", "text": "jeasyui.extensions.icons.js", "pid": "1008", "attributes": { "href": "docs/doc.html?icons.html" } },
        { "id": "100802", "text": "jeasyui.extensions.theme.js", "pid": "1008", "attributes": { "href": "docs/doc.html?theme.html" } },
        { "id": "100803", "text": "jeasyui.extensions.gridselector", "pid": "1008", "attributes": { "href": "docs/doc.html?gridselector.html" } },
        { "id": "100804", "text": "jquery.portal.js", "pid": "1008", "attributes": { "href": "docs/doc.html?portal.html" } },
        { "id": "100805", "text": "jquery.toolbar.js", "pid": "1008", "attributes": { "href": "docs/doc.html?toolbar.html" } },
        { "id": "100806", "text": "jquery.my97.js", "pid": "1008", "attributes": { "href": "docs/doc.html?my97.html" } },
        { "id": "100807", "text": "jquery.ckeditor.js", "pid": "1008", "attributes": { "href": "docs/doc.html?ckeditor.html" } },
        { "id": "100808", "text": "jquery.uploadify.js", "pid": "1008", "attributes": { "href": "docs/doc.html?uploadify.html" } }
    ]
    }
]