<?xml version="1.0" encoding="UTF-8" ?>
<!DOCTYPE mapper PUBLIC "-//mybatis.org//DTD Mapper 3.0//EN" "http://mybatis.org/dtd/mybatis-3-mapper.dtd" >
<mapper namespace="com.roncoo.adminlte.service.impl.dao.impl.mybatis.RcDataDictionaryListMapper" >
  <resultMap id="BaseResultMap" type="com.roncoo.adminlte.bean.entity.RcDataDictionaryList" >
    <id column="id" property="id" jdbcType="BIGINT" />
    <result column="status_id" property="statusId" jdbcType="CHAR" />
    <result column="create_time" property="createTime" jdbcType="TIMESTAMP" />
    <result column="update_time" property="updateTime" jdbcType="TIMESTAMP" />
    <result column="field_code" property="fieldCode" jdbcType="VARCHAR" />
    <result column="field_key" property="fieldKey" jdbcType="VARCHAR" />
    <result column="field_value" property="fieldValue" jdbcType="VARCHAR" />
    <result column="sort" property="sort" jdbcType="INTEGER" />
    <result column="remark" property="remark" jdbcType="VARCHAR" />
  </resultMap>
  <sql id="Example_Where_Clause" >
    <where >
      <foreach collection="oredCriteria" item="criteria" separator="or" >
        <if test="criteria.valid" >
          <trim prefix="(" suffix=")" prefixOverrides="and" >
            <foreach collection="criteria.criteria" item="criterion" >
              <choose >
                <when test="criterion.noValue" >
                  and ${criterion.condition}
                </when>
                <when test="criterion.singleValue" >
                  and ${criterion.condition} #{criterion.value}
                </when>
                <when test="criterion.betweenValue" >
                  and ${criterion.condition} #{criterion.value} and #{criterion.secondValue}
                </when>
                <when test="criterion.listValue" >
                  and ${criterion.condition}
                  <foreach collection="criterion.value" item="listItem" open="(" close=")" separator="," >
                    #{listItem}
                  </foreach>
                </when>
              </choose>
            </foreach>
          </trim>
        </if>
      </foreach>
    </where>
  </sql>
  <sql id="Update_By_Example_Where_Clause" >
    <where >
      <foreach collection="example.oredCriteria" item="criteria" separator="or" >
        <if test="criteria.valid" >
          <trim prefix="(" suffix=")" prefixOverrides="and" >
            <foreach collection="criteria.criteria" item="criterion" >
              <choose >
                <when test="criterion.noValue" >
                  and ${criterion.condition}
                </when>
                <when test="criterion.singleValue" >
                  and ${criterion.condition} #{criterion.value}
                </when>
                <when test="criterion.betweenValue" >
                  and ${criterion.condition} #{criterion.value} and #{criterion.secondValue}
                </when>
                <when test="criterion.listValue" >
                  and ${criterion.condition}
                  <foreach collection="criterion.value" item="listItem" open="(" close=")" separator="," >
                    #{listItem}
                  </foreach>
                </when>
              </choose>
            </foreach>
          </trim>
        </if>
      </foreach>
    </where>
  </sql>
  <sql id="Base_Column_List" >
    id, status_id, create_time, update_time, field_code, field_key, field_value, sort, 
    remark
  </sql>
  <select id="selectByExample" resultMap="BaseResultMap" parameterType="com.roncoo.adminlte.bean.entity.RcDataDictionaryListExample" >
    select
    <if test="distinct" >
      distinct
    </if>
    <include refid="Base_Column_List" />
    from rc_data_dictionary_list
    <if test="_parameter != null" >
      <include refid="Example_Where_Clause" />
    </if>
    <if test="orderByClause != null" >
      order by ${orderByClause}
    </if>
    <if test="limitStart >= 0" >
      limit ${limitStart} , ${pageSize}
    </if>
  </select>
  <select id="selectByPrimaryKey" resultMap="BaseResultMap" parameterType="java.lang.Long" >
    select 
    <include refid="Base_Column_List" />
    from rc_data_dictionary_list
    where id = #{id,jdbcType=BIGINT}
  </select>
  <delete id="deleteByPrimaryKey" parameterType="java.lang.Long" >
    delete from rc_data_dictionary_list
    where id = #{id,jdbcType=BIGINT}
  </delete>
  <delete id="deleteByExample" parameterType="com.roncoo.adminlte.bean.entity.RcDataDictionaryListExample" >
    delete from rc_data_dictionary_list
    <if test="_parameter != null" >
      <include refid="Example_Where_Clause" />
    </if>
  </delete>
  <insert id="insert" parameterType="com.roncoo.adminlte.bean.entity.RcDataDictionaryList" >
    insert into rc_data_dictionary_list (id, status_id, create_time, 
      update_time, field_code, field_key, 
      field_value, sort, remark
      )
    values (#{id,jdbcType=BIGINT}, #{statusId,jdbcType=CHAR}, #{createTime,jdbcType=TIMESTAMP}, 
      #{updateTime,jdbcType=TIMESTAMP}, #{fieldCode,jdbcType=VARCHAR}, #{fieldKey,jdbcType=VARCHAR}, 
      #{fieldValue,jdbcType=VARCHAR}, #{sort,jdbcType=INTEGER}, #{remark,jdbcType=VARCHAR}
      )
  </insert>
  <insert id="insertSelective" parameterType="com.roncoo.adminlte.bean.entity.RcDataDictionaryList" >
    insert into rc_data_dictionary_list
    <trim prefix="(" suffix=")" suffixOverrides="," >
      <if test="id != null" >
        id,
      </if>
      <if test="statusId != null" >
        status_id,
      </if>
      <if test="createTime != null" >
        create_time,
      </if>
      <if test="updateTime != null" >
        update_time,
      </if>
      <if test="fieldCode != null" >
        field_code,
      </if>
      <if test="fieldKey != null" >
        field_key,
      </if>
      <if test="fieldValue != null" >
        field_value,
      </if>
      <if test="sort != null" >
        sort,
      </if>
      <if test="remark != null" >
        remark,
      </if>
    </trim>
    <trim prefix="values (" suffix=")" suffixOverrides="," >
      <if test="id != null" >
        #{id,jdbcType=BIGINT},
      </if>
      <if test="statusId != null" >
        #{statusId,jdbcType=CHAR},
      </if>
      <if test="createTime != null" >
        #{createTime,jdbcType=TIMESTAMP},
      </if>
      <if test="updateTime != null" >
        #{updateTime,jdbcType=TIMESTAMP},
      </if>
      <if test="fieldCode != null" >
        #{fieldCode,jdbcType=VARCHAR},
      </if>
      <if test="fieldKey != null" >
        #{fieldKey,jdbcType=VARCHAR},
      </if>
      <if test="fieldValue != null" >
        #{fieldValue,jdbcType=VARCHAR},
      </if>
      <if test="sort != null" >
        #{sort,jdbcType=INTEGER},
      </if>
      <if test="remark != null" >
        #{remark,jdbcType=VARCHAR},
      </if>
    </trim>
  </insert>
  <select id="countByExample" parameterType="com.roncoo.adminlte.bean.entity.RcDataDictionaryListExample" resultType="java.lang.Integer" >
    select count(*) from rc_data_dictionary_list
    <if test="_parameter != null" >
      <include refid="Example_Where_Clause" />
    </if>
  </select>
  <update id="updateByExampleSelective" parameterType="map" >
    update rc_data_dictionary_list
    <set >
      <if test="record.id != null" >
        id = #{record.id,jdbcType=BIGINT},
      </if>
      <if test="record.statusId != null" >
        status_id = #{record.statusId,jdbcType=CHAR},
      </if>
      <if test="record.createTime != null" >
        create_time = #{record.createTime,jdbcType=TIMESTAMP},
      </if>
      <if test="record.updateTime != null" >
        update_time = #{record.updateTime,jdbcType=TIMESTAMP},
      </if>
      <if test="record.fieldCode != null" >
        field_code = #{record.fieldCode,jdbcType=VARCHAR},
      </if>
      <if test="record.fieldKey != null" >
        field_key = #{record.fieldKey,jdbcType=VARCHAR},
      </if>
      <if test="record.fieldValue != null" >
        field_value = #{record.fieldValue,jdbcType=VARCHAR},
      </if>
      <if test="record.sort != null" >
        sort = #{record.sort,jdbcType=INTEGER},
      </if>
      <if test="record.remark != null" >
        remark = #{record.remark,jdbcType=VARCHAR},
      </if>
    </set>
    <if test="_parameter != null" >
      <include refid="Update_By_Example_Where_Clause" />
    </if>
  </update>
  <update id="updateByExample" parameterType="map" >
    update rc_data_dictionary_list
    set id = #{record.id,jdbcType=BIGINT},
      status_id = #{record.statusId,jdbcType=CHAR},
      create_time = #{record.createTime,jdbcType=TIMESTAMP},
      update_time = #{record.updateTime,jdbcType=TIMESTAMP},
      field_code = #{record.fieldCode,jdbcType=VARCHAR},
      field_key = #{record.fieldKey,jdbcType=VARCHAR},
      field_value = #{record.fieldValue,jdbcType=VARCHAR},
      sort = #{record.sort,jdbcType=INTEGER},
      remark = #{record.remark,jdbcType=VARCHAR}
    <if test="_parameter != null" >
      <include refid="Update_By_Example_Where_Clause" />
    </if>
  </update>
  <update id="updateByPrimaryKeySelective" parameterType="com.roncoo.adminlte.bean.entity.RcDataDictionaryList" >
    update rc_data_dictionary_list
    <set >
      <if test="statusId != null" >
        status_id = #{statusId,jdbcType=CHAR},
      </if>
      <if test="createTime != null" >
        create_time = #{createTime,jdbcType=TIMESTAMP},
      </if>
      <if test="updateTime != null" >
        update_time = #{updateTime,jdbcType=TIMESTAMP},
      </if>
      <if test="fieldCode != null" >
        field_code = #{fieldCode,jdbcType=VARCHAR},
      </if>
      <if test="fieldKey != null" >
        field_key = #{fieldKey,jdbcType=VARCHAR},
      </if>
      <if test="fieldValue != null" >
        field_value = #{fieldValue,jdbcType=VARCHAR},
      </if>
      <if test="sort != null" >
        sort = #{sort,jdbcType=INTEGER},
      </if>
      <if test="remark != null" >
        remark = #{remark,jdbcType=VARCHAR},
      </if>
    </set>
    where id = #{id,jdbcType=BIGINT}
  </update>
  <update id="updateByPrimaryKey" parameterType="com.roncoo.adminlte.bean.entity.RcDataDictionaryList" >
    update rc_data_dictionary_list
    set status_id = #{statusId,jdbcType=CHAR},
      create_time = #{createTime,jdbcType=TIMESTAMP},
      update_time = #{updateTime,jdbcType=TIMESTAMP},
      field_code = #{fieldCode,jdbcType=VARCHAR},
      field_key = #{fieldKey,jdbcType=VARCHAR},
      field_value = #{fieldValue,jdbcType=VARCHAR},
      sort = #{sort,jdbcType=INTEGER},
      remark = #{remark,jdbcType=VARCHAR}
    where id = #{id,jdbcType=BIGINT}
  </update>
</mapper>