<?xml version="1.0" encoding="UTF-8" ?>
<!DOCTYPE mapper PUBLIC "-//mybatis.org//DTD Mapper 3.0//EN" "http://mybatis.org/dtd/mybatis-3-mapper.dtd" >
<mapper namespace="com.roncoo.adminlte.service.impl.dao.impl.mybatis.RcEmailInfoMapper" >
  <resultMap id="BaseResultMap" type="com.roncoo.adminlte.bean.entity.RcEmailInfo" >
    <id column="id" property="id" jdbcType="BIGINT" />
    <result column="status_id" property="statusId" jdbcType="CHAR" />
    <result column="create_time" property="createTime" jdbcType="TIMESTAMP" />
    <result column="update_time" property="updateTime" jdbcType="TIMESTAMP" />
    <result column="to_user" property="toUser" jdbcType="CHAR" />
    <result column="from_user" property="fromUser" jdbcType="CHAR" />
    <result column="title" property="title" jdbcType="VARCHAR" />
    <result column="subject" property="subject" jdbcType="VARCHAR" />
    <result column="content" property="content" jdbcType="VARCHAR" />
  </resultMap>
  <sql id="Example_Where_Clause" >
    <where >
      <foreach collection="oredCriteria" item="criteria" separator="or" >
        <if test="criteria.valid" >
          <trim prefix="(" suffix=")" prefixOverrides="and" >
            <foreach collection="criteria.criteria" item="criterion" >
              <choose >
                <when test="criterion.noValue" >
                  and ${criterion.condition}
                </when>
                <when test="criterion.singleValue" >
                  and ${criterion.condition} #{criterion.value}
                </when>
                <when test="criterion.betweenValue" >
                  and ${criterion.condition} #{criterion.value} and #{criterion.secondValue}
                </when>
                <when test="criterion.listValue" >
                  and ${criterion.condition}
                  <foreach collection="criterion.value" item="listItem" open="(" close=")" separator="," >
                    #{listItem}
                  </foreach>
                </when>
              </choose>
            </foreach>
          </trim>
        </if>
      </foreach>
    </where>
  </sql>
  <sql id="Update_By_Example_Where_Clause" >
    <where >
      <foreach collection="example.oredCriteria" item="criteria" separator="or" >
        <if test="criteria.valid" >
          <trim prefix="(" suffix=")" prefixOverrides="and" >
            <foreach collection="criteria.criteria" item="criterion" >
              <choose >
                <when test="criterion.noValue" >
                  and ${criterion.condition}
                </when>
                <when test="criterion.singleValue" >
                  and ${criterion.condition} #{criterion.value}
                </when>
                <when test="criterion.betweenValue" >
                  and ${criterion.condition} #{criterion.value} and #{criterion.secondValue}
                </when>
                <when test="criterion.listValue" >
                  and ${criterion.condition}
                  <foreach collection="criterion.value" item="listItem" open="(" close=")" separator="," >
                    #{listItem}
                  </foreach>
                </when>
              </choose>
            </foreach>
          </trim>
        </if>
      </foreach>
    </where>
  </sql>
  <sql id="Base_Column_List" >
    id, status_id, create_time, update_time, to_user, from_user, title, subject, content
  </sql>
  <select id="selectByExample" resultMap="BaseResultMap" parameterType="com.roncoo.adminlte.bean.entity.RcEmailInfoExample" >
    select
    <if test="distinct" >
      distinct
    </if>
    <include refid="Base_Column_List" />
    from rc_email_info
    <if test="_parameter != null" >
      <include refid="Example_Where_Clause" />
    </if>
    <if test="orderByClause != null" >
      order by ${orderByClause}
    </if>
    <if test="limitStart >= 0" >
      limit ${limitStart} , ${pageSize}
    </if>
  </select>
  <select id="selectByPrimaryKey" resultMap="BaseResultMap" parameterType="java.lang.Long" >
    select 
    <include refid="Base_Column_List" />
    from rc_email_info
    where id = #{id,jdbcType=BIGINT}
  </select>
  <delete id="deleteByPrimaryKey" parameterType="java.lang.Long" >
    delete from rc_email_info
    where id = #{id,jdbcType=BIGINT}
  </delete>
  <delete id="deleteByExample" parameterType="com.roncoo.adminlte.bean.entity.RcEmailInfoExample" >
    delete from rc_email_info
    <if test="_parameter != null" >
      <include refid="Example_Where_Clause" />
    </if>
  </delete>
  <insert id="insert" parameterType="com.roncoo.adminlte.bean.entity.RcEmailInfo" >
    insert into rc_email_info (id, status_id, create_time, 
      update_time, to_user, from_user, 
      title, subject, content
      )
    values (#{id,jdbcType=BIGINT}, #{statusId,jdbcType=CHAR}, #{createTime,jdbcType=TIMESTAMP}, 
      #{updateTime,jdbcType=TIMESTAMP}, #{toUser,jdbcType=CHAR}, #{fromUser,jdbcType=CHAR}, 
      #{title,jdbcType=VARCHAR}, #{subject,jdbcType=VARCHAR}, #{content,jdbcType=VARCHAR}
      )
  </insert>
  <insert id="insertSelective" parameterType="com.roncoo.adminlte.bean.entity.RcEmailInfo" >
    insert into rc_email_info
    <trim prefix="(" suffix=")" suffixOverrides="," >
      <if test="id != null" >
        id,
      </if>
      <if test="statusId != null" >
        status_id,
      </if>
      <if test="createTime != null" >
        create_time,
      </if>
      <if test="updateTime != null" >
        update_time,
      </if>
      <if test="toUser != null" >
        to_user,
      </if>
      <if test="fromUser != null" >
        from_user,
      </if>
      <if test="title != null" >
        title,
      </if>
      <if test="subject != null" >
        subject,
      </if>
      <if test="content != null" >
        content,
      </if>
    </trim>
    <trim prefix="values (" suffix=")" suffixOverrides="," >
      <if test="id != null" >
        #{id,jdbcType=BIGINT},
      </if>
      <if test="statusId != null" >
        #{statusId,jdbcType=CHAR},
      </if>
      <if test="createTime != null" >
        #{createTime,jdbcType=TIMESTAMP},
      </if>
      <if test="updateTime != null" >
        #{updateTime,jdbcType=TIMESTAMP},
      </if>
      <if test="toUser != null" >
        #{toUser,jdbcType=CHAR},
      </if>
      <if test="fromUser != null" >
        #{fromUser,jdbcType=CHAR},
      </if>
      <if test="title != null" >
        #{title,jdbcType=VARCHAR},
      </if>
      <if test="subject != null" >
        #{subject,jdbcType=VARCHAR},
      </if>
      <if test="content != null" >
        #{content,jdbcType=VARCHAR},
      </if>
    </trim>
  </insert>
  <select id="countByExample" parameterType="com.roncoo.adminlte.bean.entity.RcEmailInfoExample" resultType="java.lang.Integer" >
    select count(*) from rc_email_info
    <if test="_parameter != null" >
      <include refid="Example_Where_Clause" />
    </if>
  </select>
  <update id="updateByExampleSelective" parameterType="map" >
    update rc_email_info
    <set >
      <if test="record.id != null" >
        id = #{record.id,jdbcType=BIGINT},
      </if>
      <if test="record.statusId != null" >
        status_id = #{record.statusId,jdbcType=CHAR},
      </if>
      <if test="record.createTime != null" >
        create_time = #{record.createTime,jdbcType=TIMESTAMP},
      </if>
      <if test="record.updateTime != null" >
        update_time = #{record.updateTime,jdbcType=TIMESTAMP},
      </if>
      <if test="record.toUser != null" >
        to_user = #{record.toUser,jdbcType=CHAR},
      </if>
      <if test="record.fromUser != null" >
        from_user = #{record.fromUser,jdbcType=CHAR},
      </if>
      <if test="record.title != null" >
        title = #{record.title,jdbcType=VARCHAR},
      </if>
      <if test="record.subject != null" >
        subject = #{record.subject,jdbcType=VARCHAR},
      </if>
      <if test="record.content != null" >
        content = #{record.content,jdbcType=VARCHAR},
      </if>
    </set>
    <if test="_parameter != null" >
      <include refid="Update_By_Example_Where_Clause" />
    </if>
  </update>
  <update id="updateByExample" parameterType="map" >
    update rc_email_info
    set id = #{record.id,jdbcType=BIGINT},
      status_id = #{record.statusId,jdbcType=CHAR},
      create_time = #{record.createTime,jdbcType=TIMESTAMP},
      update_time = #{record.updateTime,jdbcType=TIMESTAMP},
      to_user = #{record.toUser,jdbcType=CHAR},
      from_user = #{record.fromUser,jdbcType=CHAR},
      title = #{record.title,jdbcType=VARCHAR},
      subject = #{record.subject,jdbcType=VARCHAR},
      content = #{record.content,jdbcType=VARCHAR}
    <if test="_parameter != null" >
      <include refid="Update_By_Example_Where_Clause" />
    </if>
  </update>
  <update id="updateByPrimaryKeySelective" parameterType="com.roncoo.adminlte.bean.entity.RcEmailInfo" >
    update rc_email_info
    <set >
      <if test="statusId != null" >
        status_id = #{statusId,jdbcType=CHAR},
      </if>
      <if test="createTime != null" >
        create_time = #{createTime,jdbcType=TIMESTAMP},
      </if>
      <if test="updateTime != null" >
        update_time = #{updateTime,jdbcType=TIMESTAMP},
      </if>
      <if test="toUser != null" >
        to_user = #{toUser,jdbcType=CHAR},
      </if>
      <if test="fromUser != null" >
        from_user = #{fromUser,jdbcType=CHAR},
      </if>
      <if test="title != null" >
        title = #{title,jdbcType=VARCHAR},
      </if>
      <if test="subject != null" >
        subject = #{subject,jdbcType=VARCHAR},
      </if>
      <if test="content != null" >
        content = #{content,jdbcType=VARCHAR},
      </if>
    </set>
    where id = #{id,jdbcType=BIGINT}
  </update>
  <update id="updateByPrimaryKey" parameterType="com.roncoo.adminlte.bean.entity.RcEmailInfo" >
    update rc_email_info
    set status_id = #{statusId,jdbcType=CHAR},
      create_time = #{createTime,jdbcType=TIMESTAMP},
      update_time = #{updateTime,jdbcType=TIMESTAMP},
      to_user = #{toUser,jdbcType=CHAR},
      from_user = #{fromUser,jdbcType=CHAR},
      title = #{title,jdbcType=VARCHAR},
      subject = #{subject,jdbcType=VARCHAR},
      content = #{content,jdbcType=VARCHAR}
    where id = #{id,jdbcType=BIGINT}
  </update>
</mapper>