<?xml version="1.0" encoding="UTF-8"?>
<feature
      id="com.spket.xml.external"
      label="%feature.name"
      version="2.8.0"
      provider-name="%provider.name"
      image="spket.png">

   <description>
      %description
   </description>

   <copyright>
      %copyright
   </copyright>

   <license url="%licenseURL">
      %license
   </license>

   <url>
      <update label="%updateSiteName" url="http://www.agpad.com/update"/>
   </url>

   <plugin
         id="org.apache.xerces"
         download-size="0"
         install-size="0"
         version="2.8.0.v200705301630"
         unpack="false"/>

   <plugin
         id="org.apache.xml.resolver"
         download-size="0"
         install-size="0"
         version="1.1.0.v200705310020"
         unpack="false"/>

</feature>
