{"total":"28","rows":[{"itemid":"EST-1","productid":"FI-SW-01","listprice":"16.50","unitcost":"10.00","status":"P","attr1":"Large"},{"itemid":"EST-10","productid":"K9-DL-01","listprice":"18.50","unitcost":"12.00","status":"P","attr1":"Spotted Adult Female"},{"itemid":"EST-11","productid":"RP-SN-01","listprice":"18.50","unitcost":"12.00","status":"P","attr1":"Venomless"},{"itemid":"EST-12","productid":"RP-SN-01","listprice":"18.50","unitcost":"12.00","status":"P","attr1":"Rattleless"},{"itemid":"EST-13","productid":"RP-LI-02","listprice":"18.50","unitcost":"12.00","status":"P","attr1":"Green Adult"},{"itemid":"EST-14","productid":"FL-DSH-01","listprice":"58.50","unitcost":"12.00","status":"P","attr1":"Tailless"},{"itemid":"EST-15","productid":"FL-DSH-01","listprice":"23.50","unitcost":"12.00","status":"P","attr1":"With tail"},{"itemid":"EST-16","productid":"FL-DLH-02","listprice":"93.50","unitcost":"12.00","status":"P","attr1":"Adult Female"},{"itemid":"EST-17","productid":"FL-DLH-02","listprice":"93.50","unitcost":"12.00","status":"P","attr1":"Adult Male"},{"itemid":"EST-18","productid":"AV-CB-01","listprice":"193.50","unitcost":"92.00","status":"P","attr1":"Adult Male"}]}