<?xml version="1.0" encoding="UTF-8"?>
<!DOCTYPE mapper PUBLIC "-//mybatis.org//DTD Mapper 3.0//EN" "http://mybatis.org/dtd/mybatis-3-mapper.dtd">

<mapper namespace="org.mintleaf.modules.generator.dao.CoreUserDao">

	<!-- 可根据自己的需求，是否要使用 -->
    <resultMap type="org.mintleaf.modules.generator.entity.CoreUserEntity" id="coreUserMap">
        <result property="id" column="id"/>
        <result property="tenantid" column="tenantid"/>
        <result property="name" column="name"/>
        <result property="psw" column="psw"/>
        <result property="email" column="email"/>
        <result property="creator" column="creator"/>
        <result property="createtime" column="createtime"/>
        <result property="flag" column="flag"/>
        <result property="logintime" column="logintime"/>
        <result property="updateuser" column="updateuser"/>
        <result property="updatetime" column="updatetime"/>
    </resultMap>


</mapper>