{
  "id": "1858883",
  "name": "pe'a'rui",
  "font_family": "iconfont",
  "css_prefix_text": "pear-icon",
  "description": "",
  "glyphs": [
    {
      "icon_id": "14135885",
      "name": "日历",
      "font_class": "rili",
      "unicode": "e615",
      "unicode_decimal": 58901
    },
    {
      "icon_id": "14135887",
      "name": "书包",
      "font_class": "shubao",
      "unicode": "e616",
      "unicode_decimal": 58902
    },
    {
      "icon_id": "14135890",
      "name": "测量",
      "font_class": "celiang",
      "unicode": "e617",
      "unicode_decimal": 58903
    },
    {
      "icon_id": "14136158",
      "name": "放大镜",
      "font_class": "fangdajing",
      "unicode": "e618",
      "unicode_decimal": 58904
    },
    {
      "icon_id": "14136159",
      "name": "地球仪",
      "font_class": "diqiuyi",
      "unicode": "e619",
      "unicode_decimal": 58905
    },
    {
      "icon_id": "14136160",
      "name": "笔记",
      "font_class": "biji",
      "unicode": "e61a",
      "unicode_decimal": 58906
    },
    {
      "icon_id": "14136161",
      "name": "学士帽",
      "font_class": "xueshimao",
      "unicode": "e61b",
      "unicode_decimal": 58907
    },
    {
      "icon_id": "14136171",
      "name": "线上直播",
      "font_class": "xianshangzhibo",
      "unicode": "e61c",
      "unicode_decimal": 58908
    },
    {
      "icon_id": "15045228",
      "name": "目录1",
      "font_class": "mulu1",
      "unicode": "e670",
      "unicode_decimal": 58992
    },
    {
      "icon_id": "15045229",
      "name": "编辑",
      "font_class": "bianji1",
      "unicode": "e671",
      "unicode_decimal": 58993
    },
    {
      "icon_id": "15045230",
      "name": "更多1",
      "font_class": "gengduo1",
      "unicode": "e672",
      "unicode_decimal": 58994
    },
    {
      "icon_id": "15057284",
      "name": "搜素",
      "font_class": "sousu",
      "unicode": "e673",
      "unicode_decimal": 58995
    },
    {
      "icon_id": "15057286",
      "name": "设置",
      "font_class": "shezhi",
      "unicode": "e674",
      "unicode_decimal": 58996
    },
    {
      "icon_id": "15057288",
      "name": "下载",
      "font_class": "xiazai1",
      "unicode": "e675",
      "unicode_decimal": 58997
    },
    {
      "icon_id": "15057293",
      "name": "我的",
      "font_class": "wode1",
      "unicode": "e676",
      "unicode_decimal": 58998
    },
    {
      "icon_id": "15057296",
      "name": "工具箱",
      "font_class": "gongjuxiang",
      "unicode": "e677",
      "unicode_decimal": 58999
    },
    {
      "icon_id": "15057297",
      "name": "警告",
      "font_class": "jinggao",
      "unicode": "e678",
      "unicode_decimal": 59000
    },
    {
      "icon_id": "15057298",
      "name": "星球",
      "font_class": "xingqiu",
      "unicode": "e679",
      "unicode_decimal": 59001
    },
    {
      "icon_id": "15057299",
      "name": "邮件",
      "font_class": "youjian",
      "unicode": "e67a",
      "unicode_decimal": 59002
    },
    {
      "icon_id": "15057302",
      "name": "链接",
      "font_class": "lianjie",
      "unicode": "e67b",
      "unicode_decimal": 59003
    },
    {
      "icon_id": "15033675",
      "name": "转换",
      "font_class": "zhuanhuan",
      "unicode": "e644",
      "unicode_decimal": 58948
    },
    {
      "icon_id": "15033678",
      "name": "分类1",
      "font_class": "fenlei1",
      "unicode": "e647",
      "unicode_decimal": 58951
    },
    {
      "icon_id": "15033683",
      "name": "扫码",
      "font_class": "saoma",
      "unicode": "e64a",
      "unicode_decimal": 58954
    },
    {
      "icon_id": "15033684",
      "name": "二维码",
      "font_class": "erweima",
      "unicode": "e64b",
      "unicode_decimal": 58955
    },
    {
      "icon_id": "15042790",
      "name": "定位",
      "font_class": "dingwei",
      "unicode": "e64c",
      "unicode_decimal": 58956
    },
    {
      "icon_id": "15042791",
      "name": "关闭",
      "font_class": "guanbi",
      "unicode": "e64d",
      "unicode_decimal": 58957
    },
    {
      "icon_id": "15042792",
      "name": "分享",
      "font_class": "fenxiang",
      "unicode": "e64e",
      "unicode_decimal": 58958
    },
    {
      "icon_id": "15042793",
      "name": "分享1",
      "font_class": "fenxiang1",
      "unicode": "e64f",
      "unicode_decimal": 58959
    },
    {
      "icon_id": "15042794",
      "name": "关闭1",
      "font_class": "guanbi1",
      "unicode": "e650",
      "unicode_decimal": 58960
    },
    {
      "icon_id": "15042795",
      "name": "多云",
      "font_class": "duoyun",
      "unicode": "e651",
      "unicode_decimal": 58961
    },
    {
      "icon_id": "15042796",
      "name": "发现",
      "font_class": "faxian",
      "unicode": "e652",
      "unicode_decimal": 58962
    },
    {
      "icon_id": "15042797",
      "name": "我的",
      "font_class": "wode",
      "unicode": "e653",
      "unicode_decimal": 58963
    },
    {
      "icon_id": "15042798",
      "name": "编辑",
      "font_class": "bianji",
      "unicode": "e654",
      "unicode_decimal": 58964
    },
    {
      "icon_id": "15042799",
      "name": "消息",
      "font_class": "xiaoxi",
      "unicode": "e655",
      "unicode_decimal": 58965
    },
    {
      "icon_id": "15042800",
      "name": "首页",
      "font_class": "shouye",
      "unicode": "e656",
      "unicode_decimal": 58966
    },
    {
      "icon_id": "15042801",
      "name": "窗户",
      "font_class": "chuanghu",
      "unicode": "e657",
      "unicode_decimal": 58967
    },
    {
      "icon_id": "15042802",
      "name": "账单",
      "font_class": "zhangdan",
      "unicode": "e658",
      "unicode_decimal": 58968
    },
    {
      "icon_id": "15042803",
      "name": "导航",
      "font_class": "daohang",
      "unicode": "e659",
      "unicode_decimal": 58969
    },
    {
      "icon_id": "15042804",
      "name": "文件夹1",
      "font_class": "wenjianjia1",
      "unicode": "e65a",
      "unicode_decimal": 58970
    },
    {
      "icon_id": "15042805",
      "name": "鼠标",
      "font_class": "shubiao",
      "unicode": "e65b",
      "unicode_decimal": 58971
    },
    {
      "icon_id": "15042806",
      "name": "生活",
      "font_class": "shenghuo",
      "unicode": "e65c",
      "unicode_decimal": 58972
    },
    {
      "icon_id": "15042807",
      "name": "耳机",
      "font_class": "erji",
      "unicode": "e65d",
      "unicode_decimal": 58973
    },
    {
      "icon_id": "15042808",
      "name": "删除",
      "font_class": "shanchu",
      "unicode": "e65e",
      "unicode_decimal": 58974
    },
    {
      "icon_id": "15042809",
      "name": "更多",
      "font_class": "gengduo",
      "unicode": "e65f",
      "unicode_decimal": 58975
    },
    {
      "icon_id": "15042810",
      "name": "语音",
      "font_class": "yuyin",
      "unicode": "e660",
      "unicode_decimal": 58976
    },
    {
      "icon_id": "15042811",
      "name": "文件",
      "font_class": "wenjian",
      "unicode": "e661",
      "unicode_decimal": 58977
    },
    {
      "icon_id": "15042812",
      "name": "信号",
      "font_class": "xinhao",
      "unicode": "e662",
      "unicode_decimal": 58978
    },
    {
      "icon_id": "15042813",
      "name": "首页1",
      "font_class": "shouye1",
      "unicode": "e663",
      "unicode_decimal": 58979
    },
    {
      "icon_id": "15042814",
      "name": "图片",
      "font_class": "tupian",
      "unicode": "e664",
      "unicode_decimal": 58980
    },
    {
      "icon_id": "15042815",
      "name": "文件夹",
      "font_class": "wenjianjia",
      "unicode": "e665",
      "unicode_decimal": 58981
    },
    {
      "icon_id": "15042816",
      "name": "锁",
      "font_class": "suo",
      "unicode": "e666",
      "unicode_decimal": 58982
    },
    {
      "icon_id": "15045217",
      "name": "等级",
      "font_class": "dengji",
      "unicode": "e667",
      "unicode_decimal": 58983
    },
    {
      "icon_id": "15045218",
      "name": "上传1",
      "font_class": "shangchuan1",
      "unicode": "e668",
      "unicode_decimal": 58984
    },
    {
      "icon_id": "15045220",
      "name": "添加",
      "font_class": "tianjia",
      "unicode": "e669",
      "unicode_decimal": 58985
    },
    {
      "icon_id": "15045221",
      "name": "返回",
      "font_class": "fanhui",
      "unicode": "e66a",
      "unicode_decimal": 58986
    },
    {
      "icon_id": "15045222",
      "name": "账单",
      "font_class": "zhangdan1",
      "unicode": "e66b",
      "unicode_decimal": 58987
    },
    {
      "icon_id": "15045223",
      "name": "下载",
      "font_class": "xiazai",
      "unicode": "e66c",
      "unicode_decimal": 58988
    },
    {
      "icon_id": "15045224",
      "name": "目录",
      "font_class": "mulu",
      "unicode": "e66d",
      "unicode_decimal": 58989
    },
    {
      "icon_id": "15045226",
      "name": "关闭",
      "font_class": "guanbi2",
      "unicode": "e66e",
      "unicode_decimal": 58990
    },
    {
      "icon_id": "15045227",
      "name": "上传",
      "font_class": "shangchuan",
      "unicode": "e66f",
      "unicode_decimal": 58991
    }
  ]
}
