﻿[
    { "id": 1, "text": "根节点1", "state": "closed", "children": [
        { "id": 11, "text": "子节点11", "pid": 1 },
        { "id": 12, "text": "子节点12", "pid": 1 },
        { "id": 13, "text": "子节点13", "pid": 1 },
        { "id": 14, "text": "子节点14", "pid": 1 }
    ] },

    { "id": 2, "text": "根节点2", "state": "open", "children": [
        { "id": 21, "text": "子节点21", "pid": 2, "children": [
            { "id": 211, "text": "子节点211", "pid": 21 },
            { "id": 212, "text": "子节点212", "pid": 21 },
            { "id": 213, "text": "子节点213", "pid": 21 },
            { "id": 214, "text": "子节点214", "pid": 21 },
            { "id": 215, "text": "子节点215", "pid": 21 }
        ] },
        { "id": 22, "text": "子节点22", "pid": 2 },
        { "id": 23, "text": "子节点23", "state": "closed", "pid": 2, "children": [
            { "id": 231, "text": "子节点231", "pid": 23 },
            { "id": 232, "text": "子节点232", "pid": 23 },
            { "id": 233, "text": "子节点233", "pid": 23 },
            { "id": 234, "text": "子节点234", "pid": 23 },
            { "id": 235, "text": "子节点235", "pid": 23 }
        ] },
        { "id": 24, "text": "子节点24", "pid": 2 }
    ] },

    { "id": 3, "text": "根节点3" },

    { "id": 4, "text": "根节点4", "state": "closed", "children": [
        { "id": 41, "text": "子节点41", "pid": 4 },
        { "id": 42, "text": "子节点42", "pid": 4 },
        { "id": 43, "text": "子节点43", "pid": 4 },
        { "id": 44, "text": "子节点44", "pid": 4 }
    ] },

    { "id": 5, "text": "根节点5", "state": "closed", "children": [
        { "id": 51, "text": "子节点51", "pid": 5 },
        { "id": 52, "text": "子节点52", "pid": 5 },
        { "id": 53, "text": "子节点53", "pid": 5 },
        { "id": 54, "text": "子节点54", "pid": 5 }
    ] },

    { "id": 6, "text": "根节点6" }
]