<?xml version="1.0" encoding="UTF-8" ?>
<configuration>
  <appender name="console" class="ch.qos.logback.core.ConsoleAppender">
    <encoder charset="UTF-8">
      <pattern>%d{yyyy/MM/dd-HH:mm:ss} %-5level [%thread] %class{5}:%line>>%msg%n</pattern>
    </encoder>
  </appender>
  <appender name="file" class="ch.qos.logback.core.rolling.RollingFileAppender">
    <encoder charset="UTF-8">
      <pattern>%d{yyyy/MM/dd-HH:mm:ss} %-5level [%thread] %class{5}:%line>>%msg%n</pattern>
    </encoder>
    <rollingPolicy class="ch.qos.logback.core.rolling.TimeBasedRollingPolicy">
      <fileNamePattern>./info.%d{yyyy-MM-dd}.log</fileNamePattern>
      <maxHistory>30</maxHistory>
    </rollingPolicy>
  </appender>
  <logger name="com.virjar" level="info">
    <appender-ref ref="console" />
    <appender-ref ref="file" />
  </logger>
  <root level="info">
    <appender-ref ref="console" />
  </root>
</configuration>